genetic_125	greedyhill_221	steepesthill_500	annealing_260
29.289986842206957	29.416870418681842	29.40679496442451	29.463690648918437
29.308956755677418	29.445944236656967	29.49776333950894	29.46998299398652
29.317156134709325	29.465971673551454	29.570122186976935	29.470011325243878
29.318263291251956	29.496867825527723	29.590605414768106	29.47538100952094
29.337233204722413	29.50025310080611	29.63138249043503	29.47573656558734
29.338337641065376	29.52426761125312	29.650910162025326	29.475829145600997
29.343479687115224	29.52541394833329	29.680150040019594	29.47980132655457
29.34543258375432	29.54483182699312	29.686720974624617	29.488626936681825
29.351528337738248	29.5538074951337	29.699556404242507	29.49390028332412
29.35506686522414	29.58161460657506	29.70003537881783	29.49455726754883
29.365051422640402	29.58882882676447	29.701219414322942	29.505167424890555
29.37394419868094	29.60226238655469	29.718678155530327	29.53927337869989
29.3740367786946	29.602362875130193	29.720194794736294	29.546121173228066
29.384021336110855	29.603836399846813	29.720781771062526	29.552177338054374
29.38961845290902	29.60803099563752	29.744576242955507	29.552833441145637
29.394332553834687	29.6221873755349	29.747989054345297	29.554871741594262
29.396609985136557	29.649131001047248	29.75630303930696	29.559265950411337
29.397685970620582	29.650542577863263	29.762122361931652	29.56296006575396
29.399443230431736	29.65530927794463	29.778706439673734	29.56502792344766
29.401190828669343	29.655905471219928	29.778721181885906	29.56751954082084
29.403032038096324	29.660199761903485	29.7845192008651	29.56838614615068
29.403382319313035	29.668322889497702	29.785301039871605	29.57277989789644
29.40593667447349	29.67683840417393	29.799421558880383	29.577658955410524
29.40929976076935	29.682741318497698	29.8004632200582	29.583881965460694
29.40936054712983	29.684431225142657	29.811992890339276	29.586574939736348
29.409391690623778	29.69135939173897	29.814337876055045	29.587892196461997
29.41030571061417	29.69243996717884	29.8264032433891	29.59546400347279
29.411051277517025	29.69448504711061	29.828217722245952	29.599463172078355
29.41278064522105	29.69907422479415	29.82870317120032	29.599911501177438
29.412807554625292	29.700420288671395	29.832114330129528	29.61737391607882
29.4203791662364	29.703179617518934	29.832443278600664	29.617402247336177
29.421133379719837	29.703567750203703	29.84216509330926	29.617562561816595
29.421469344584267	29.710005782083734	29.846231585868193	29.619879502679428
29.422570656880094	29.711059786567013	29.848242782400305	29.620518795715302
29.42323514817488	29.716578419528034	29.8492223640669	29.620553534611368
29.423449050452525	29.724846980217045	29.85026343740448	29.622800262870598
29.424199288665903	29.73130343928032	29.855458252821194	29.62911615153316
29.42441514537589	29.733321086994554	29.857361528613183	29.62998793747605
29.425301009431912	29.74001372913798	29.859575318667297	29.63033000359046
29.427104813170384	29.74372646803728	29.864441928357863	29.636046190031486
29.42787406047449	29.753725072874957	29.87429799013125	29.6378726723145
29.42984121571531	29.75582946450855	29.877978443624407	29.637895508199627
29.43932772656202	29.755964160643476	29.886848902911055	29.639473183203346
29.43966676755012	29.756962799147853	29.889760053807095	29.64069494207563
29.440288681082173	29.758285835213144	29.89056208490682	29.641739253728957
29.442664942940578	29.758571972401775	29.89655842578166	29.64255235537097
29.44266628030591	29.758648005268967	29.902092515550184	29.644944149232206
29.443586001195882	29.75893483958462	29.904009485596685	29.6481006561842
29.444293316023135	29.76295951765623	29.9114690374034	29.650683232886664
29.444952106495233	29.762981603895458	29.916166888052675	29.652721653527657
29.446817894291637	29.765864779478193	29.916879233270777	29.65436353825528
29.44795194206602	29.76684643016855	29.917175944109054	29.660101956686262
29.44881112918577	29.775037005309173	29.9172517872935	29.66240317931283
29.449908653312885	29.779246853545644	29.917387053571566	29.662552874805463
29.45243739171131	29.780480923983475	29.919565734199104	29.663012393450778
29.452575552880003	29.782245090339433	29.923980605529618	29.66386934447796
29.45489164417008	29.7829734053427	29.926438004208883	29.664326290534017
29.45713047237713	29.783072771166935	29.927804723421676	29.665566375596995
29.457807463873753	29.78421465560708	29.92976463792666	29.667223721095386
29.45797652122668	29.786271113163345	29.93246468649835	29.66743704163048
29.460035560501144	29.789142819104782	29.935653410790994	29.66910814743471
29.46037588680357	29.790372608229728	29.93572440522994	29.67239839932721
29.46051213055563	29.79120742240567	29.939240125263044	29.67570834872502
29.46100196689311	29.793525803800666	29.93994344295396	29.677536849270282
29.46275904929071	29.793800642787026	29.940514035382336	29.67808817740115
29.464440611236615	29.796436677672567	29.941523287609137	29.680582978508752
29.46520922364491	29.798155468934002	29.957245586322934	29.681503790819875
29.466006842905664	29.804274749497253	29.96002872675698	29.681695570729254
29.46668629327468	29.8046519116989	29.96035848017678	29.68180410270895
29.466784096958584	29.805251323472486	29.965002375007394	29.68735093473545
29.467401756538933	29.807551575312814	29.971245345113523	29.688800954405966
29.46816613788561	29.808061957889993	29.97421048122919	29.689726158121637
29.469096990879937	29.808504690926572	29.97598877786372	29.69013872906058
29.469329593133942	29.810454955374716	29.976481262834966	29.690890497070058
29.4721213989976	29.810680987498486	29.98163238675185	29.693743866059044
29.472550213836996	29.81204490519511	29.98474043932885	29.694367190459733
29.474034051679332	29.813945109391828	29.985725912044725	29.695700810963714
29.47645689506181	29.814818067982976	29.989428818757826	29.696558728499927
29.476908338973885	29.815296770890125	29.9905802254806	29.696937992320777
29.478371247088344	29.81628897279256	29.990609312544333	29.697780481982363
29.48090924448298	29.81688471392293	29.999459053672034	29.700969981202345
29.481893109167075	29.817840771883557	30.00236214647194	29.702469598460155
29.483103121617425	29.819188269828512	30.003056876938487	29.705970432875304
29.483459181771895	29.81988548483877	30.003117613288353	29.707154395365436
29.48379848651399	29.81999365020059	30.004308535816282	29.707188963133937
29.485236308528798	29.820943643807844	30.00872568010098	29.711232575429573
29.485944323060927	29.8218037998699	30.010016192951756	29.712808882949563
29.48669887332918	29.82287494533913	30.010516742125148	29.713638769552606
29.4877374285858	29.823643040278693	30.01350337255829	29.71396139068908
29.488844676885623	29.82578684280726	30.013749927733368	29.71432563104099
29.489096260838473	29.826419573202507	30.014947291897883	29.714507584209453
29.48947838203923	29.828456317601656	30.018811676189525	29.715064022401297
29.490001182811554	29.832774783391372	30.022582385394802	29.71705206107524
29.490294414915653	29.832908766210448	30.022793863158228	29.71797391356961
29.494083027165914	29.83341964704694	30.024800084059024	29.71812360906225
29.494315152044102	29.834822757677152	30.025865897106485	29.718273454047647
29.49461103784594	29.835653679889553	30.029558049034534	29.71882551157827
29.49896801013894	29.83844096892167	30.030491974474966	29.719202903227078
29.501050757799558	29.83905327999716	30.03423107981736	29.719386636150393
29.50153864658092	29.842190188543235	30.0359744514732	29.719970299529624
29.501660823843384	29.845907217381757	30.03936943620647	29.720916726757068
29.505862654893537	29.846479423239806	30.04153723569182	29.723798443814093
29.50728646065057	29.846958143826193	30.047725353497132	29.72413869604097
29.508047695651875	29.84759256330246	30.04945357002279	29.724167027298332
29.50874715146438	29.84847228515501	30.050537543867772	29.724597072932834
29.509083109098043	29.8501115556348	30.055168689602006	29.72586179629861
29.509159689899565	29.850589418608077	30.05518555040183	29.72601715915178
29.509787378111046	29.852025044567007	30.057498810998776	29.72746781172626
29.511896168377362	29.85214814185546	30.058439561332833	29.729967129672392
29.514863140661223	29.85504446059665	30.06027281652179	29.735137354891126
29.515163624082355	29.858765989608298	30.063205858871818	29.737231665478127
29.515355506674165	29.862006053055204	30.068638823841177	29.738401350169035
29.5179379236094	29.863591457129914	30.0728967135841	29.73985934215126
29.517959241380588	29.863691169368863	30.073501980974793	29.74246822320648
29.519060537758307	29.864715377709928	30.075218407521156	29.743231076493846
29.51986264327116	29.867234092642352	30.07793173205894	29.74662240775404
29.52104714055843	29.871589905026454	30.08040763395714	29.746649224722027
29.52162542640697	29.871864189526093	30.080441611305954	29.746866009829688
29.5228448173367	29.873484473500053	30.08054720078389	29.747179752528467
29.523308979582737	29.87534899141805	30.083433908689663	29.75042652370081
29.52440527215252	29.876453132577854	30.08877842002791	29.750924741153057
29.528462893097917	29.87751998578115	30.089920127794024	29.75095307241041
29.528517589491983	29.878816905808165	30.09082311342437	29.752276256732053
29.528830116345752	29.879488168619265	30.092423868529806	29.75268612937155
29.530854402682394	29.88205131038585	30.095148263900477	29.753753927077568
29.53105109697545	29.882309558409784	30.096476314017824	29.755353986021657
29.532266305586134	29.8831338381292	30.099358764722112	29.756234729489055
29.53335490437239	29.88489243009429	30.100026377255485	29.756507484040082
29.53386998169282	29.885116551339813	30.10072860149207	29.757345167645752
29.534861870811977	29.886532150405927	30.100947403027725	29.75975798845468
29.535045577930536	29.888485211361683	30.101843958324896	29.760000154129855
29.537898868292885	29.889630194013137	30.1024969651862	29.760853901493853
29.53881741025371	29.889678935090785	30.104283254978178	29.76098758317785
29.540798588582582	29.893794116555434	30.105142523205963	29.761021866859053
29.54140211907588	29.894299761396166	30.105352655002548	29.761248381589713
29.54271334571646	29.895097031165275	30.105661473062355	29.761429451462746
29.54381999379271	29.896239088380597	30.109892739988368	29.763302657856396
29.54434405675721	29.897151414349363	30.111233372838203	29.763413445652482
29.544472003292007	29.898176613402015	30.11245841600057	29.76368189692723
29.545222241505382	29.898562289529934	30.11266143622554	29.763962635836798
29.545477421864845	29.899170029104013	30.116114897150723	29.765585214222916
29.547843077286064	29.89968663633947	30.1185596700778	29.766076360734075
29.548227728255	29.900601335628718	30.118630083575397	29.766312825067118
29.548346553492166	29.902492383915217	30.119165912722483	29.770181966289677
29.548567304202095	29.902731598706588	30.119929047390865	29.771705457213464
29.548675391723066	29.902999350380142	30.12153775979325	29.772492471769105
29.550032668783622	29.90727147043231	30.12560054956593	29.774833158591406
29.551575249424836	29.90918969159531	30.128242292520365	29.775735845062606
29.55322063792272	29.91037308324001	30.12972992818751	29.7760551719699
29.555272846882872	29.91120849579643	30.130966408035334	29.776185866306648
29.55614252417282	29.911603512719765	30.132670597631602	29.777774739790516
29.556475009563577	29.91186025324522	30.13470070740813	29.7780249880963
29.556486167689858	29.913417526638167	30.136007480997772	29.77936628170944
29.557059746491515	29.913451746738748	30.136294963028945	29.78062648462582
29.558017621682126	29.913940905487934	30.137214944275826	29.78118686920854
29.558733952918907	29.914454060314966	30.14026628310098	29.78161541132041
29.559138673548404	29.91446932705045	30.14073994092786	29.78210541257698
29.559764800151296	29.919148426795875	30.14142868777667	29.783452143204062
29.560395007034252	29.92079082972188	30.143892925664908	29.78387049377445
29.560800136922403	29.920996722427383	30.144029442163106	29.784951384374352
29.561898613471797	29.921064571105866	30.14526142547275	29.785370197096086
29.563455829378523	29.921263256530835	30.146987411151116	29.785788838100924
29.56432070338562	29.9223219610967	30.147279988284684	29.786601497789814
29.56466038127995	29.92398054172689	30.14767296093341	29.787406225809466
29.565028504710522	29.924729985909902	30.148333310248514	29.78802548803936
29.565808545540364	29.92562582874362	30.150665799636457	29.78811482546802
29.56629925399095	29.926339297928873	30.154281861760214	29.788794864940026
29.567011208302496	29.927081254467037	30.156042067073297	29.789504016403157
29.568228208216947	29.927522305169663	30.156329300378594	29.790870872974907
29.570059358023325	29.927629431877605	30.161286993843774	29.793711336995102
29.57049130957483	29.929971903803747	30.163220999291177	29.796446458409818
29.570675488552762	29.930301530846876	30.16524361858086	29.797808835823712
29.571219660836853	29.93314755647468	30.165810238774256	29.800067181440006
29.571316257915782	29.933265299757917	30.16587145136668	29.806286340350937
29.57195070470327	29.933340968602025	30.166790473964365	29.80824015317014
29.572347639771838	29.934792367882963	30.1671986887645	29.808862996544764
29.57445099527159	29.935121822418907	30.167831339789903	29.81165322667785
29.57533883454333	29.936186475356358	30.16796223972102	29.812320242754442
29.578200412463158	29.93645089934847	30.16809799448962	29.813136326323686
29.578223189927407	29.937352119054722	30.17001208968687	29.815630639931378
29.57904218148308	29.93874218614513	30.170698523291122	29.81563850883922
29.58033645785532	29.942856901259045	30.170835061956577	29.81599531563889
29.58244929105644	29.94328023744534	30.17098254773356	29.816734815711424
29.584548282161197	29.945060356428332	30.171386180157615	29.81758705202974
29.584567698403355	29.945469638365182	30.172047485726225	29.81797524402805
29.58460771281541	29.945481220422717	30.174057997855865	29.820486266861884
29.586549391710854	29.945566048771795	30.175199730133652	29.821259366221344
29.58725737522036	29.94559387190115	30.177971181569653	29.821588089916045
29.587329270214177	29.94612149019076	30.17930022364417	29.822279460184333
29.589781683685644	29.946979432938782	30.180918507785485	29.822906418717864
29.589899557521996	29.948106986631032	30.181443660735354	29.823303146142802
29.592269781357988	29.94921815579596	30.182435266642923	29.824288601703
29.592325948200518	29.95246942134917	30.184320570109392	29.825033604760527
29.59291088220711	29.952549874788183	30.1854412680499	29.826384834415805
29.594608310830672	29.954151671445857	30.185553854266296	29.826474523494458
29.59468545048528	29.954923263697353	30.18623171276866	29.8270333533138
29.595002574370287	29.955479578535368	30.188836632745673	29.827278382441282
29.598519103022753	29.95889340996852	30.191827368959263	29.827355120205272
29.599477987602477	29.95936081426394	30.191993327167168	29.828443445153987
29.5998655725236	29.959539444856574	30.192511682211986	29.82847915010576
29.600654296749678	29.960573657094645	30.195701474378417	29.829169698222778
29.60134685569028	29.96114282960999	30.196789696278664	29.829341824262002
29.6025072741691	29.962392285000817	30.200627896734574	29.830923054229558
29.602513496636114	29.962615927369498	30.20295005735048	29.834509614497254
29.603003928456374	29.96383455545827	30.203853070145886	29.834573025968385
29.604188686210758	29.96649428659166	30.203952274226175	29.835161731756898
29.604585908216762	29.968374758190993	30.205181554389643	29.835451047519147
29.606534752631532	29.969560930262723	30.205296182730418	29.83799190171151
29.60716256342544	29.972929408792577	30.20643376174139	29.83950569990962
29.607753605360713	29.973118366573175	30.209123749870116	29.841609875395424
29.610224784709956	29.974584888869796	30.20938070184217	29.841690571806257
29.610882643620897	29.974610654424975	30.21010779134782	29.843940487622735
29.613319968332693	29.97483374970087	30.21188261032721	29.843977691793466
29.613518422483224	29.976776463932136	30.213198103391598	29.844486253761282
29.613586948190925	29.976834695386376	30.213442903342795	29.847133115869834
29.614540163997294	29.97816018201606	30.21380935843745	29.849582210985652
29.615105980005396	29.978778162360936	30.214354998485156	29.850077084311636
29.615341151091847	29.97881415648452	30.214605527332207	29.850306052996068
29.61656681990075	29.98059855029347	30.21511857986646	29.851203061044103
29.616678919389862	29.983277753767034	30.217376438356222	29.851854059132013
29.617566227959735	29.983988336373102	30.218895368735815	29.853614916814085
29.618798793540982	29.984079008160474	30.221036005520673	29.855339442362634
29.620087368233285	29.984488361425488	30.221132474229574	29.85534097206441
29.620168345625366	29.986230977888606	30.221630998056092	29.857352401633122
29.620596460133314	29.98660786505973	30.222413956231215	29.857585421328807
29.620701415562216	29.98663318313359	30.2242464750925	29.8577955393879
29.62096370977484	29.988823300313605	30.225417963941574	29.858026417068555
29.62207371063904	29.990063313725194	30.226102405749607	29.85870482367959
29.62388024650118	29.990096290562846	30.226896969273085	29.85897915559066
29.624193368935273	29.990545397513625	30.22698895592811	29.859797515961464
29.625585279598283	29.990706116549067	30.227768287069498	29.860154322761133
29.626716648331076	29.993069862434346	30.227836157546513	29.860700520110854
29.626887501027163	29.993300842401705	30.227860911288793	29.86080233426634
29.630130105401882	29.99355711071411	30.22857870418775	29.8618618362131
29.63064618425858	29.994750905051358	30.229051889256667	29.862053070352953
29.631237704622325	29.99521568633642	30.229827501925463	29.86223519019322
29.63179319351751	29.995292272241944	30.230241777577916	29.862311117437603
29.632157690727254	29.995330572792867	30.230414031003736	29.862574687001903
29.63270699197287	29.99614611397756	30.233154948687314	29.863017605122018
29.632851561015176	29.996321201944237	30.23327823952803	29.863555279547306
29.633729910823032	29.996433512504254	30.23347224556368	29.863676674292634
29.634054612602124	29.997168921908273	30.233874493021762	29.864370822428526
29.63596403275195	29.9976912185548	30.2343500689421	29.865408463070835
29.636187306197275	29.998300936903437	30.234741667907528	29.86715842654214
29.640000770711513	29.99852194379496	30.234825706963587	29.867219169254305
29.640506662509534	29.999024445299657	30.237425834738268	29.86767501315991
29.64121464601904	29.999561923872562	30.23942705981224	29.868037378962654
29.641712497086814	30.000250137950722	30.239619364574335	29.86923862315256
29.64288833937695	30.00064933325591	30.24098438534369	29.869807864541926
29.643017308267453	30.001111384625954	30.241220474778316	29.870091416961316
29.643430149096083	30.00218050609464	30.241463809140093	29.87074910563417
29.645517901873085	30.002505771167296	30.242243200876445	29.871126187890084
29.64654256391121	30.0026137085028	30.242326545744216	29.872618946208824
29.647084942810075	30.004068342252978	30.24284461524048	29.87629421718745
29.6485290370107	30.004181936509735	30.24294479448225	29.87717818060508
29.64935306379465	30.004483641522782	30.24399658775163	29.87851026023451
29.64954968876097	30.00652309848184	30.244454519496983	29.879499360668678
29.65119232531677	30.007090046540203	30.24634753674608	29.880260606429374
29.652349083296173	30.007266279632148	30.246372629353292	29.88028319923532
29.65239795368212	30.00838805316966	30.247895022512072	29.881014330246575
29.65250576822843	30.010539145136168	30.249570774476208	29.88202390884521
29.654076371090873	30.010781335487046	30.249775444697484	29.883196140925648
29.655508560057587	30.011032258573653	30.253694150550587	29.883340557059213
29.655696780091912	30.011874980130493	30.25510340796014	29.88347444984225
29.656588178535554	30.011886906367767	30.255522451284584	29.88379823765597
29.65750273503744	30.012551135497787	30.255595071135502	29.884245536183453
29.65869483125607	30.01298551395215	30.256456520404026	29.88426720226826
29.660331027837927	30.01318969216833	30.257186894897067	29.88784289862214
29.662358777011917	30.013660674961223	30.25863328331532	29.888152271608178
29.662630087037407	30.01468268011336	30.259882731692176	29.88929571442918
29.666682567030534	30.015097722957748	30.26003282582335	29.89037915699169
29.66702883727782	30.015700461960698	30.261213338753276	29.892709005951808
29.667040973844102	30.01616988394695	30.264044315766768	29.894527718623465
29.667594914672506	30.017991896987475	30.265679225242984	29.895676864123548
29.668895603019728	30.01913840755259	30.265727285983264	29.898198062529232
29.669981208662076	30.01942385596511	30.265733203157488	29.898895866465867
29.670802442441797	30.020862324792926	30.268802680572648	29.899734884915347
29.67107089309507	30.021131866683795	30.27143499352064	29.899900020261562
29.67301444858584	30.021497377023557	30.272252142400937	29.90051744852272
29.67392263503484	30.02240488029208	30.272543460888436	29.90059288998716
29.676307505591865	30.02243819286781	30.273117241355557	29.9017188818255
29.678818388345423	30.023603115592685	30.273248989307604	29.903756887660286
29.680874481794532	30.025847244638936	30.273663969712402	29.904523257987137
29.68142446308471	30.026277435889792	30.273986530082322	29.904763588982796
29.683135383909182	30.02661673525754	30.27515779039447	29.904985768066037
29.68405121283804	30.02755769058846	30.27554267574632	29.90576323429161
29.68446664267229	30.02773285722258	30.275674282477347	29.90628426350977
29.68463915887214	30.02832804034637	30.277201720746174	29.90764159433529
29.685646512327097	30.029682433617047	30.277776549763797	29.907693274860474
29.68626488321496	30.030552061020753	30.277868385517774	29.90898853941388
29.687876038961797	30.031690191814032	30.27992696754071	29.91013211964217
29.68862522611054	30.03214603745457	30.279966632433677	29.910698045805383
29.6892091620629	30.03239771952109	30.280665362390884	29.910734667104688
29.689642675007946	30.03247886102552	30.280683175790433	29.91083894961183
29.68995608355112	30.033278868486835	30.282238102624127	29.910963779033043
29.69034983862633	30.033726405972896	30.28271502091915	29.911065560475116
29.69113557197918	30.03373425217379	30.28414675871148	29.912099486534814
29.69132119283028	30.035011148477658	30.28415869256687	29.912845425687678
29.69175484213133	30.035594870437457	30.285762740712112	29.91316402910454
29.692201381334247	30.035837043830078	30.285859084422324	29.913948696778316
29.693548426096132	30.035867796185464	30.286177723526023	29.91407119945149
29.693832817447973	30.0383665833796	30.287461374573514	29.915118774762924
29.694176047355757	30.03992577458431	30.289137828140404	29.91587831543252
29.69439866488436	30.04004963092188	30.289335281488142	29.915936280179398
29.695760920780547	30.040129830968873	30.289867583387327	29.91742254598499
29.695795485868697	30.0414940338729	30.290193384611285	29.91747253464184
29.69640113889676	30.044100126604956	30.291488412332317	29.91769138688881
29.69958975012381	30.044393790630906	30.291560580527772	29.91773004447254
29.70149508773023	30.04460919868951	30.295406661401415	29.918675853277165
29.702236804190342	30.044792994897463	30.296261634919013	29.91933819734208
29.702537532785808	30.045584095961075	30.299564791567935	29.919818241544732
29.702741629917647	30.046930377265625	30.2998038387947	29.920434599687248
29.703958945692015	30.046979232103755	30.300156329145757	29.923044427647973
29.704209252101347	30.04825988768495	30.300581227002187	29.923467156299047
29.704320242091708	30.048956476065356	30.301113935107416	29.926084735464343
29.704352958340447	30.04960546168766	30.304585368390466	29.927217535173924
29.704677784066135	30.0512131689341	30.30809164550889	29.9275497842642
29.704705131498912	30.053167172772607	30.309785547581715	29.928364331278107
29.706051640684457	30.05323319342602	30.30999487379063	29.92955644640445
29.706583438883722	30.055243819518406	30.310446228631843	29.929727841646603
29.70658531667335	30.056638524276917	30.311130803320125	29.929969835743055
29.706591600610768	30.057229195712594	30.31424335990803	29.93008748111034
29.707369158755743	30.057829828270346	30.31531264760674	29.930127155388526
29.708179075533362	30.057868120989085	30.315432252149318	29.930213437818708
29.708394226363836	30.05882196577204	30.31648861131547	29.930453477651827
29.712382834699206	30.059119543849956	30.317007928643253	29.930905417327658
29.712549384437402	30.05919633913412	30.318468961534617	29.93100829342147
29.71265210205475	30.060222687773084	30.319996820880526	29.931154561411187
29.713404270846326	30.06125479852329	30.32276935367534	29.931867859444885
29.713741363308554	30.06130213256335	30.322945475626117	29.93257244318005
29.71628692223926	30.061547135204783	30.323929762764124	29.93291738552161
29.716726335933124	30.06183388327758	30.325205267254898	29.933390420420103
29.71785754586357	30.061938065465952	30.32535878126335	29.93397107733099
29.718100101279333	30.06208767506538	30.327352894612286	29.936874803066246
29.71886453258256	30.06251593721526	30.327967264299982	29.937519340602975
29.719390374913893	30.062559559537984	30.328561260715357	29.938013081325227
29.719722920140143	30.062897056768797	30.329741957196738	29.938174081681435
29.719733272051784	30.063845166411685	30.32983390951148	29.938272480032364
29.720784088108935	30.06444582508457	30.330543774459738	29.93845045370761
29.721074902437532	30.06517988631324	30.33063037431571	29.939120676891722
29.722014335847213	30.06589852277574	30.33085893507345	29.939392328841006
29.722782948255507	30.065982391936735	30.331326320487637	29.94107772580214
29.723269251009373	30.066725756449493	30.334033942983194	29.941611190181476
29.723467732116315	30.066899573806197	30.334262131734924	29.94210956973327
29.724759061301512	30.067004503292353	30.334901622441794	29.943453905280172
29.724802942950568	30.06701431820245	30.33550111831185	29.944151426043785
29.727634235857415	30.067219211100152	30.33618158001679	29.945205823801686
29.72775462432004	30.067545682800404	30.336689710052497	29.945562630601355
29.72841691879757	30.067677650349122	30.336706450710565	29.945577731939785
29.729058429827898	30.06831820180448	30.337983627315047	29.945696563565743
29.72955630435233	30.069799766788435	30.339333866890385	29.945957187673333
29.730686504783918	30.07052506543586	30.339528247022784	29.948137795940845
29.73078412867553	30.0711278313715	30.33957401132724	29.948408880297873
29.730895850663895	30.071345083541573	30.33985811196058	29.94943306049425
29.73138983485365	30.071754870091823	30.339954707234284	29.951010248792162
29.731879079416917	30.071806893965526	30.341229365028013	29.95340738698567
29.73266855635257	30.071900829538883	30.34215823154102	29.954323652963026
29.735324609695162	30.07243143176743	30.342741439865456	29.954648603865827
29.73940199693686	30.072570104833535	30.342959844236894	29.954659124270123
29.74023373095676	30.073238037577713	30.343091078131245	29.955139005178697
29.74046028399187	30.07334397864385	30.3438132675725	29.955430762863415
29.740877389712985	30.074968073840587	30.34404435673647	29.955765777447326
29.741563292549266	30.075429241008152	30.344468803287683	29.956358593263207
29.743060474492072	30.076343456778954	30.345127786210632	29.956786801068933
29.743381821423963	30.076866609868013	30.34549586506604	29.958220992996498
29.74478502548823	30.077673373277094	30.346858370167055	29.95881527986724
29.7451872015323	30.078039805099948	30.348015386857593	29.958842436289583
29.745480591630393	30.078440349360942	30.348402243846184	29.95921434442768
29.74563277952624	30.080754920214552	30.348622654111388	29.959406488981045
29.746326127712905	30.08094619481529	30.349498670421514	29.95978833063476
29.746856497098754	30.081811616167762	30.350477106182865	29.9598447330644
29.747745065271072	30.082801031097876	30.35054631129681	29.961292493901237
29.749016251235098	30.083375236044773	30.35057129844886	29.96191242870179
29.751244892645083	30.083440701971693	30.35063080239902	29.96209554901357
29.751550572068304	30.083806816540623	30.35260142139046	29.962374354372745
29.753162293508232	30.08466235329436	30.354282964580662	29.96249048075444
29.753559444309076	30.085052114615586	30.35457061199159	29.96279624144935
29.7558185130518	30.085784275523054	30.355422035236757	29.964252845339352
29.757837206511738	30.086122207655507	30.35558508311219	29.964647820903167
29.758029327972878	30.086202971326234	30.35739295624983	29.965000067223855
29.75832080345596	30.087995904352184	30.35804489564114	29.965316677377718
29.759424878474633	30.088307756885918	30.358189766968753	29.965820154342275
29.75949490817494	30.089017839905775	30.35824987544874	29.966039719534006
29.75977996593804	30.08922571238795	30.358639849986787	29.96872996890035
29.763335397915515	30.090844686583566	30.36008772366504	29.968841474569768
29.76365328640057	30.09098150119612	30.36039409574278	29.96916014710229
29.765281106693948	30.091265005708422	30.363180772308272	29.97059606726939
29.765772376972798	30.091778086068086	30.363619100179672	29.97233677687928
29.76943271995841	30.092366039869837	30.365622665450438	29.97334731032555
29.769702306465632	30.093673370215182	30.36602420660134	29.973509501343564
29.769806687999374	30.094537390823092	30.36707995894649	29.974456739376826
29.77050081015861	30.09547008764284	30.36715501541624	29.97505029584417
29.771470881871664	30.096194580816316	30.36842572195248	29.97515659841477
29.77272343432692	30.096376803647367	30.368436137407414	29.975376693822128
29.773545137184367	30.09642913660985	30.369992267171867	29.97560965027918
29.77406809282977	30.097544723784296	30.370141841111614	29.975621063761057
29.77428404183445	30.09765279517218	30.37036635754873	29.975790557647834
29.77676482975826	30.09829583953706	30.372638927221903	29.97621560584813
29.776805484899967	30.098364931598667	30.37390127623762	29.976218592201025
29.77702967151702	30.099271933032327	30.374088248372974	29.97632689808239
29.777290716926423	30.09928796833954	30.374782081485886	29.977058081717388
29.779896024116653	30.099702100361004	30.37479952047079	29.977327429053137
29.780995462449614	30.099720086173015	30.37480201765658	29.979540431177664
29.78103776727703	30.100299035746914	30.37489258675262	29.981647974911677
29.781058262676098	30.1005193600228	30.37547316222421	29.981671791288377
29.782023314011447	30.100525376935217	30.375480420836066	29.981966706536127
29.78278469592329	30.10155500671949	30.376118701230492	29.982146552906833
29.7828221712793	30.101783583880646	30.377801235961392	29.98284333564963
29.783736974612932	30.102212257227368	30.379687403344803	29.98337704536469
29.783942007022116	30.10438768731092	30.3800938902379	29.98386978774562
29.784993927609396	30.10447230393576	30.380238085926166	29.985373492000996
29.785980488609734	30.10449241813778	30.381500895899244	29.986167275497777
29.787007387870815	30.104924804624783	30.38202776210366	29.986793681529004
29.7874372946671	30.105379726076702	30.38203521195242	29.987897173497064
29.788025707714166	30.10553738308694	30.383334179820782	29.989258962560832
29.788171494381587	30.105716481839323	30.384110906203386	29.989927867132018
29.78864554305749	30.10589613328318	30.384402846648943	29.990208586155166
29.789612490706165	30.106392193259126	30.385119126220992	29.992355901822183
29.790654473626933	30.106869908121084	30.386055375329036	29.992515440873927
29.791643101301755	30.107033256910775	30.386314858008703	29.99275649305484
29.791746221178357	30.107304100168214	30.388196391706323	29.993147466989193
29.792163042465262	30.10864322627768	30.388518942721536	29.99331123231036
29.793313623345767	30.109972352746006	30.388844657337863	29.99359579608828
29.79391926305433	30.11030584195544	30.388909058719335	29.99400715512197
29.795999584987484	30.110388996167814	30.38905565364947	29.994219019178207
29.798679493426896	30.110879800445385	30.391540628682016	29.995766672378153
29.79914447233098	30.112080282775157	30.392151465421986	29.996065181598027
29.79953219574017	30.112447549128294	30.392177992384806	29.99630011057836
29.800958778566113	30.112850231624282	30.393760982049425	29.996786741088474
29.80149726816258	30.114359294519836	30.393931288064856	29.99750738198804
29.801661343301586	30.115108120338654	30.39604294936253	29.997630076242363
29.80221915366066	30.115230951386756	30.397372915903034	29.998802650522926
29.802262130050423	30.115324303252105	30.397845017633376	29.998831095651475
29.802681644673378	30.116136942975615	30.398212920015983	29.998865709034085
29.803879081161345	30.116219959476165	30.398272048125808	29.99925798253134
29.804262714008885	30.116284606019967	30.39927709010762	29.999493574919093
29.80610684452703	30.116510225968035	30.39973653288478	29.99956538820448
29.806219449062706	30.117194601426952	30.399986659484714	30.00055180872176
29.806255638968082	30.11720872254501	30.402161963598154	30.00055985827783
29.80629356215024	30.11737275923997	30.403140767706592	30.000763199677458
29.806321549875452	30.117390030235235	30.403228322412996	30.001784841630318
29.807109260257278	30.118182293428767	30.40348837971804	30.00403881902269
29.80760639339422	30.118220872160215	30.403824536658586	30.00497538334423
29.808002348615723	30.118960116652907	30.403912164454653	30.00498822943279
29.80918521360277	30.119791794265076	30.404137654232773	30.005612398130577
29.809529732785855	30.119875277075483	30.40443903011202	30.00562469260003
29.81106793121618	30.12044621723161	30.40444853913727	30.005769238971393
29.81115289233859	30.12091020089261	30.404912811762614	30.006809643557244
29.811332159577397	30.12133530845518	30.40493647176829	30.007008469097027
29.81359049016448	30.121532712092257	30.40556096559092	30.00737434539229
29.814403929095754	30.12178385242748	30.40607646520902	30.007880595614246
29.81701266009875	30.12200260049964	30.4064330027591	30.00808682796694
29.81774630977576	30.122119269793522	30.406783946943868	30.008610793579813
29.818468971399533	30.12359634168705	30.40692689093285	30.00862844360153
29.818510440214396	30.124544256559574	30.406973104247555	30.008984142910688
29.81908084443097	30.124590280931884	30.40848168303957	30.009125775660138
29.820292478856135	30.124814581118162	30.408879065760946	30.009181220991795
29.8212979092389	30.124958408948977	30.40937076064074	30.0094772084719
29.82190580715323	30.125847289916745	30.4106324178151	30.010700455062427
29.82427912211994	30.12594793570903	30.411003126308835	30.010787636914927
29.824295553417507	30.126019606987384	30.4110839167553	30.01142134814586
29.82498204014655	30.126118727177534	30.411610491191034	30.011464875903982
29.82569437554131	30.126342884559733	30.412034735563225	30.011792879622806
29.82600920466145	30.126440132901877	30.41372997663405	30.01196530974406
29.826391271966333	30.1271578304392	30.41405277664137	30.013862183338333
29.827783955432764	30.127247497590123	30.414392809158173	30.014814092296593
29.828418404281344	30.127294080174906	30.414437462745166	30.015432494541237
29.82842430239834	30.12745610517654	30.414477798668266	30.017167965453446
29.833019225690315	30.12854412309873	30.414567361147384	30.01770490451862
29.83379247491261	30.129380847857732	30.41463617935221	30.01941709506442
29.834899771456136	30.12953177653332	30.41541594668357	30.02004955684029
29.835188067293668	30.130589736592523	30.415612070427365	30.020861061136923
29.835573708515195	30.130699280971086	30.416000351071805	30.020882162950794
29.8356381902529	30.131192538358093	30.41638160446277	30.021052219613086
29.83578628074893	30.13152378967379	30.416486926315628	30.02108855613708
29.836216018793127	30.13313783400355	30.416754219013423	30.022374926208123
29.836604060914567	30.13363488925254	30.4169761418972	30.02250114705027
29.837102547227357	30.135068688828653	30.41704938348565	30.02311808227745
29.837497038861475	30.135186124880505	30.41729321117122	30.023823511848143
29.838118149311008	30.13543083737962	30.417343922327934	30.02440495524254
29.839828204511278	30.135638640637687	30.417893413994843	30.024982096917995
29.84058690810203	30.135646461802487	30.417940121519894	30.02555246693141
29.841136811409548	30.135648786051032	30.418629026920616	30.025637848064626
29.841151358502806	30.136543487125884	30.42017153922008	30.02623511357399
29.84395365601504	30.13688744217024	30.420228885861924	30.027105207435405
29.84398854042847	30.13773856797237	30.420959150239966	30.027689947274894
29.844171127438415	30.13778999296848	30.42114465205489	30.028201407824426
29.845070077064573	30.138104323989786	30.421540534164002	30.028278510275406
29.84529439727804	30.13860925947063	30.42361843780227	30.028422204563213
29.848810235822686	30.1394204726722	30.424480635542686	30.02903258429875
29.84885361572868	30.13967608808889	30.42468324970837	30.030681586256716
29.849718408311652	30.140665153350977	30.424869514471208	30.03093819652093
29.850457518216533	30.140992166672035	30.42534778137835	30.031136247114915
29.85057136503125	30.14164673038985	30.42570228340673	30.031885013913058
29.851030356187803	30.142189381515923	30.425800946818143	30.032553400033528
29.851518574881524	30.143077287150128	30.426218420477724	30.032878165767876
29.85252093613397	30.143804143615267	30.426827809067895	30.033926477248
29.854450878340327	30.144121208530063	30.427149545237818	30.034906403731522
29.857483733451097	30.144741090868745	30.42730607296288	30.03577137419598
29.857853155722694	30.144934332865382	30.427348550248958	30.03710209399538
29.858599310476052	30.14503186646882	30.4289026956867	30.03766381185182
29.859440216113118	30.145733728856833	30.431133279925547	30.037797919438937
29.860335294191874	30.146324963950562	30.431211444974387	30.038093674341862
29.860589915070495	30.146640718845706	30.43131860984738	30.039634584441153
29.860814812064127	30.14677152971347	30.433813033941632	30.039831269897853
29.861482554784494	30.147051144374235	30.434202853698924	30.040252939658664
29.862735496263063	30.1476797773784	30.434386178975664	30.04242066137643
29.863335285676513	30.147990187421215	30.434831287728343	30.043247864177793
29.8636798525511	30.14826511669248	30.435153500693474	30.043849719427364
29.864295666822418	30.14847273797988	30.436647395875166	30.044206589159202
29.864993277334996	30.14861391976141	30.437176291892715	30.045572904460474
29.86532383056911	30.14907644263852	30.437474889139153	30.04576818813487
29.86605913741402	30.149143482181934	30.438581415954136	30.04576857702476
29.866203436156493	30.149281465793244	30.438635508821037	30.046253456353348
29.866245891359863	30.149780619610414	30.438901262972323	30.04703577321611
29.866291952361884	30.149895152946954	30.439632040700523	30.047218232005292
29.867412599379865	30.15023482521147	30.439795810546578	30.047580252249396
29.867575793923436	30.150727198724052	30.440241701840627	30.048333518011276
29.867761447172594	30.150753133013723	30.440461822486483	30.04874791241746
29.867832482304703	30.152355596674596	30.440787758366348	30.049113031767178
29.86931942655447	30.15296084469889	30.441248756909026	30.04979897011162
29.869480357769042	30.153618369443855	30.442157258719995	30.050201380412688
29.871184983798408	30.15475343197973	30.442191815504287	30.05085991099015
29.8720193392454	30.15511397105913	30.442919768422804	30.051081960962115
29.87268477059125	30.155311839337752	30.44398664504763	30.051240133989257
29.872740878964706	30.15535234287931	30.444209149130103	30.05198642594533
29.872962799838874	30.15586781242251	30.444642713704837	30.052845793264957
29.873239681417598	30.155941558056355	30.445555867523478	30.05524612710392
29.873425419168097	30.156438938610176	30.44644120170699	30.056226685003637
29.873447277242356	30.157002722390082	30.447058457106188	30.057556798006726
29.873629634181242	30.15700711631621	30.44821344363055	30.057742627066073
29.875391007244218	30.15705307472348	30.448421720968852	30.057914542848174
29.875964950891166	30.15720512261282	30.448606300810138	30.058395304366876
29.8793363219161	30.15855836556575	30.449591229949455	30.05864466450744
29.87947949836178	30.15881522646115	30.450359995035445	30.05988607726194
29.88061989537809	30.159879841790442	30.45042803257093	30.060146875673794
29.88198210291297	30.16020592674317	30.451382123526297	30.060195785379992
29.882049381545237	30.160736495936145	30.451777334741024	30.060202993699555
29.88280689234366	30.161216711017342	30.453456567496378	30.06084142574017
29.88368992499285	30.162048206675546	30.454644265347934	30.06090810710894
29.884222757455152	30.16328180015021	30.45519181901777	30.061863124686
29.885338821100632	30.16342928380011	30.455764993217137	30.062862881413764
29.88566509018964	30.163593106023566	30.45608087525808	30.063373814767957
29.886035465676322	30.163739484663783	30.456113890926364	30.064010872597308
29.887200940269615	30.16407603445022	30.456894281558426	30.064347616755242
29.88753099829594	30.16475538324168	30.457467698287765	30.064375271800536
29.88885704225482	30.165065791815447	30.457959416190448	30.066950529425558
29.889487580513908	30.16554792324174	30.458674661454452	30.06715110398802
29.88965310240005	30.165981782665565	30.45881077700642	30.06720099248963
29.892951499820327	30.166085021923237	30.45911991506863	30.06721570218924
29.893890704745473	30.166232873758688	30.459900157278295	30.068157880714416
29.894514955989642	30.166679176829234	30.45998330837371	30.068468973411814
29.89451765092032	30.167140979069167	30.460465425741837	30.069189404436646
29.894898019135503	30.168135868457856	30.46168782015266	30.069416007733004
29.894934956637776	30.1682494816653	30.46213949683787	30.069735481483487
29.89582828577129	30.168745424948852	30.462667564597552	30.07027937927733
29.896086221433297	30.1689899990753	30.463363289163727	30.071300849178694
29.898837393273688	30.16981673343239	30.463536414001332	30.07168289436452
29.899611112367463	30.17020810073354	30.463565933783624	30.07219309959085
29.899611688346106	30.170217560936166	30.46367974890392	30.074507586828112
29.901148318194636	30.170922213384138	30.464242972115642	30.07465986258714
29.901964943798593	30.17167512905985	30.464301913809933	30.075268441815865
29.902891054472157	30.17214470760944	30.464907717643133	30.075655582629793
29.904929113327537	30.17215223150351	30.465101429349893	30.076415007050954
29.906082237735383	30.172317092432827	30.465313453521272	30.076608375559818
29.907945222480475	30.172319295710764	30.465934365975638	30.078023759542827
29.908066695734917	30.17277600804418	30.466509339781865	30.07817392899233
29.908900578081912	30.172924909815066	30.468115844381302	30.07832975570552
29.909749852155436	30.173150693610882	30.469029009557804	30.078400132550154
29.910882201036507	30.17331486703087	30.46983558648852	30.079525551382112
29.911691191567655	30.173864474550875	30.46996084997918	30.079727046879167
29.9119643557146	30.1741068321828	30.47058367409805	30.079818204825056
29.912638440414387	30.17435431088478	30.47160740523659	30.08243276689278
29.912930118494195	30.17447478971848	30.472228869871934	30.08259893802657
29.913103784694098	30.1757822224191	30.472463505940837	30.082626168156427
29.913124561119048	30.175804264921076	30.47405038495824	30.083140338401805
29.913135422541842	30.17626822477204	30.474524363504045	30.083265297423754
29.913364830103497	30.176489410090692	30.47517838099498	30.083729942663417
29.91356515523354	30.176648111231593	30.475877818909147	30.084368432465027
29.913817588151044	30.176657227234394	30.476162176678827	30.084964178776506
29.91383909498244	30.1767989896484	30.480022618017763	30.085316041000638
29.913910872647985	30.17723839843369	30.480364056806742	30.08596117732014
29.91410171273916	30.178026867910177	30.48083850457509	30.086042120659258
29.914295492559145	30.178253916866847	30.481366506861356	30.08640941385422
29.91475952581935	30.178646520370478	30.482212648683362	30.090328073073678
29.915253496937893	30.179536720420224	30.482304229736464	30.0908801306043
29.917305262171663	30.179616027661698	30.483042688151137	30.091592551745386
29.917750464158566	30.179662468411344	30.4831318118529	30.09173341889488
29.91857208663707	30.179807070900146	30.483340543033506	30.09311026505535
29.919200367406038	30.18011420445319	30.483538566719158	30.093957318246343
29.923458492285928	30.18015434405894	30.484668815013165	30.094878241474266
29.92374315455962	30.180902391003496	30.48526791029524	30.09496432574931
29.92392850204479	30.18112395901918	30.48548736868457	30.095456495836082
29.924368528833618	30.18121074887008	30.485637229174067	30.09702333458037
29.925193097211647	30.18150950495163	30.486810250954743	30.098132517983156
29.92523435982892	30.181516171012714	30.48730934436244	30.09830303822412
29.92640811280046	30.181542984604576	30.488296102740698	30.09972786436652
29.926507160066365	30.181704189967462	30.489476330609012	30.099830688235922
29.927573437537454	30.18182098678183	30.489772389112296	30.101001893160007
29.92787049155237	30.18184763876305	30.489946748979467	30.101495106000748
29.92834754825799	30.182019564493835	30.490906817027163	30.102128568905098
29.92914551106383	30.18204863305904	30.491089883584525	30.103061807780975
29.929985641048187	30.182782465520418	30.491285949487075	30.10362140652782
29.9301990879995	30.18281682254717	30.49130432012862	30.104036406984314
29.930587848863105	30.182941688477545	30.491987056859298	30.104370001813084
29.93106775274628	30.183054165424814	30.493356751848225	30.104411397512184
29.93182484451011	30.18363047582923	30.493605854875764	30.104936274394266
29.932073698164558	30.184611778379942	30.493628472984945	30.104977551268234
29.933315275095275	30.18480575815345	30.495083820353223	30.10505424710157
29.93338999625223	30.184993069048634	30.496421533028247	30.10527176646496
29.933828867538708	30.185142457585336	30.498556626204408	30.10558700717194
29.9342919124496	30.18537044806793	30.498947183145873	30.105981753173154
29.935120179271586	30.185528180113856	30.499351786252767	30.106654420479167
29.93518220164301	30.185712566289794	30.500035851721005	30.107457980689468
29.935509562865768	30.186407023592476	30.500421475095017	30.108265335042752
29.936013837926023	30.18679535859766	30.501720159968094	30.10839893804112
29.936506186872812	30.18698812925213	30.501813414333615	30.10991075853343
29.936874447216283	30.186998384349668	30.502473592090574	30.110339887344445
29.937018733234908	30.18764439816677	30.503081066206658	30.112081291677786
29.938915166130847	30.189065135893053	30.503357432885615	30.113375879639896
29.939287701432676	30.19001387854653	30.503703902634868	30.11401135817501
29.939530541759815	30.19012191551567	30.505735742139844	30.116396388373342
29.940263164068526	30.19049240330215	30.50693405996651	30.116483917261526
29.94034513304093	30.190663967673732	30.50732298914153	30.117182485561457
29.941072879883762	30.191464568749257	30.507348840279494	30.117732106766475
29.941930012455217	30.19187907381648	30.50792834409106	30.11787756519829
29.94211540696989	30.192385114962594	30.50926549681914	30.119225301037787
29.94228048141651	30.192702516797638	30.510164542878954	30.11947736785708
29.942476240113134	30.1936412645439	30.510465125243478	30.119575766208012
29.9440146028688	30.193983652039645	30.51104983027493	30.119583330055566
29.9444022436583	30.19421799137009	30.511256976468793	30.119595310844854
29.945297782574535	30.194333664725555	30.511910438989055	30.119810024567748
29.94599281802794	30.194340345188753	30.512380405126017	30.120113103593123
29.9469302727638	30.194721194675303	30.513163297587454	30.120115806550544
29.947172170135843	30.1947882841091	30.51324811745163	30.120612320676347
29.947335948661813	30.194813483085053	30.513458490506594	30.121854064227215
29.947793786712662	30.195339489648532	30.51360976641497	30.122150838000334
29.949350307939174	30.19575702288398	30.514542074528823	30.122284212036398
29.951171433639736	30.19583364470271	30.517538346540853	30.124467769963594
29.952198614602985	30.196210309393212	30.517782140123607	30.124509271875358
29.95277662179291	30.196297368937493	30.51780244263183	30.125072141144244
29.953450898133028	30.19629867547206	30.51787954510734	30.12526283298169
29.953899569508316	30.196426976853083	30.51833217450784	30.12560920047747
29.955091714015264	30.196543371793915	30.51869558173017	30.125869998889332
29.95575477438263	30.19680757108713	30.518717596340434	30.127187777590784
29.956583139087005	30.198525170890946	30.51873242692928	30.12780410261719
29.95711566962286	30.19886153440573	30.51887773838199	30.127856804878657
29.957460940804566	30.199238264182835	30.51893887629802	30.129596271140837
29.957607287477465	30.19927866274436	30.519541525101687	30.129664413200693
29.95803391138877	30.19934376546209	30.520618596412092	30.130142454092486
29.958162245262457	30.199452103968397	30.52061866222972	30.130355755460013
29.958802547242005	30.199716874664624	30.520849368836668	30.130521173585734
29.95936214761994	30.200086885137964	30.521120319963202	30.13063581505891
29.95945120870748	30.20149235261928	30.521253780267248	30.130746975698365
29.959806724011735	30.202118256048834	30.52221045452809	30.131610139349007
29.96120415408364	30.20255280585605	30.523810233491126	30.13197232456786
29.96313681855286	30.20304047157329	30.52441127196063	30.133521796103768
29.96396235469165	30.20330466156224	30.525226356035212	30.134184910406674
29.96430505189872	30.203458084596285	30.52536862799154	30.135403675036805
29.964513671168863	30.203461361805743	30.525840299328863	30.135554472474286
29.96528502828855	30.203711839812556	30.526485695388097	30.137678870460398
29.965329331643744	30.2038397839865	30.526598541135158	30.137757628895887
29.965338980343578	30.204366473951172	30.527407099080687	30.138164627716655
29.96608990246867	30.204776378540686	30.52764262244992	30.138287443241612
29.968622764275864	30.20499723619726	30.5279074072346	30.139030029347204
29.96993879957728	30.20713179063827	30.528108984655997	30.139620154325637
29.97111631511929	30.207190731733306	30.528122682439097	30.13969541193945
29.972092962861545	30.20743625743116	30.528495786725607	30.139817293282633
29.972538787762726	30.207545694897394	30.529269104480463	30.13992960012652
29.973275279288686	30.208970921342832	30.529316239231875	30.140295887876274
29.973326280134795	30.210046755099675	30.530048890017916	30.140597236887913
29.973344509673385	30.210113545399125	30.532275138656296	30.14169668391593
29.97334860808707	30.210451788171962	30.533639999694017	30.141871764341193
29.97401356828187	30.21109253669712	30.53367630829262	30.14213973992802
29.97414832843703	30.211793839388807	30.534021521879946	30.142300281647575
29.974600166839405	30.212182259136046	30.53475815453741	30.142882096610244
29.974685000460678	30.213144213472724	30.535019179406678	30.143108703462076
29.97481588893005	30.213636894543516	30.53543531476163	30.143542684408196
29.97482782651629	30.21368378813893	30.535885817630344	30.144041959362585
29.97544012397772	30.214357589778658	30.536929907113638	30.144108333819936
29.9770438332521	30.214439863738725	30.537418821483225	30.144295978078837
29.97717002753329	30.214504221207534	30.53806359146938	30.144498710396775
29.97722808922121	30.214827148044286	30.538355069889995	30.145014378176178
29.978127060343194	30.214938568137796	30.53872828521572	30.145163177721578
29.979633961141616	30.214982329566425	30.539165430299764	30.145207752326705
29.979757791454983	30.21660141077594	30.53938527603756	30.145625228815817
29.982054001840755	30.21701483951674	30.5394805377522	30.145786679021224
29.982686327692242	30.217149557278066	30.540711481834435	30.14609573365238
29.983139587236032	30.217395127657277	30.541883011667963	30.146420468736743
29.983329363203044	30.217970820269837	30.543228437124025	30.14644305590685
29.983424285386974	30.21913917521154	30.543236777197258	30.1464723829216
29.98367603297572	30.219793881687167	30.54324235451212	30.14649379026668
29.98392547588758	30.22019719620062	30.54328615471354	30.146886252798133
29.984938728552557	30.221617949821475	30.543315178769806	30.14735701759401
29.985059888784892	30.221835219582736	30.543415915588238	30.147452434527438
29.985557698786877	30.22218239655097	30.544336150623536	30.147462288255692
29.9858813486543	30.22316207861267	30.544578024750464	30.1474869136932
29.986164787705512	30.224133615230286	30.54510479239011	30.14766001035951
29.98694504892404	30.224187405124407	30.54600812123323	30.147698297182
29.988301178417267	30.224612367941447	30.546672571588218	30.14851537975182
29.988824514586845	30.22514240810864	30.548721945763024	30.14863581569894
29.989795370291006	30.226259689605108	30.549650743670817	30.14906815533457
29.98990712459374	30.226953533068894	30.550270070909725	30.15013969701082
29.990366709660947	30.22697428431838	30.550779893398552	30.151108984963166
29.991198642057846	30.226977302463016	30.55103073847892	30.151188877163317
29.991330408203204	30.227018542485844	30.551071497571204	30.15231785015769
29.99215870284891	30.227118694843078	30.552290282996	30.152863292326998
29.992382268065395	30.22734438553647	30.552299879973038	30.15331327514943
29.99419939365448	30.22749446046201	30.552630855272113	30.153903408007626
29.994970853786608	30.227725002517673	30.5531242869551	30.15527004710654
29.9966349671406	30.227914071094084	30.553491135366254	30.156867242426152
29.997322217485596	30.22798560126043	30.5538151571371	30.15727348500517
29.998765996152564	30.228224853677187	30.554612172518922	30.157330031722886
29.998831940349675	30.228893579972738	30.55481589938398	30.157880417482733
29.99937632983159	30.229395873171093	30.554950787063788	30.158317715824573
29.999813856948638	30.230011699555263	30.555030029623232	30.15933300527208
30.002072264331815	30.230075173161165	30.55539645761693	30.160176887325076
30.005285523366737	30.23022438408668	30.55540741029825	30.16038980120205
30.008562110574786	30.230597829942756	30.555883812618156	30.160414188661324
30.008853224910617	30.231493320025702	30.556434370074175	30.16124309281144
30.009212922095877	30.23157188931769	30.55656672939237	30.16180320831843
30.009621837318914	30.231948142363407	30.556692279247674	30.161945303239847
30.00974984373611	30.23205537091564	30.557153882182313	30.16220095278811
30.010155410814832	30.232083235612926	30.557730051705025	30.162390066001425
30.01037357310389	30.232195548123563	30.559186915024775	30.16244648883671
30.011434208733252	30.23240276837851	30.559577528179183	30.162664501386978
30.01240555373206	30.23263520375226	30.559948781142015	30.163590178847702
30.012513164732987	30.23287828396576	30.560678267032024	30.163647412976875
30.01257407701337	30.233606073747197	30.56095738462927	30.163785590363585
30.012648981787535	30.233941741018164	30.56101120659271	30.16384105184744
30.012901343409027	30.23413022124435	30.561119949327484	30.16400832069077
30.014435566326238	30.23439491863537	30.561468107679236	30.164251922766418
30.01578393724282	30.2346292375888	30.561938195043474	30.164560299231255
30.016401690937347	30.23475582774494	30.562016001018343	30.16492818761258
30.01796533414101	30.234891021194787	30.562142385221954	30.164993589641107
30.01797483897078	30.234954896732823	30.562316123712257	30.16502661361752
30.018442788310786	30.234996731424083	30.563136311484094	30.165394301041324
30.02018223338735	30.235192700078365	30.564822826988987	30.165468534183827
30.020481094597265	30.2358932424223	30.565559168558103	30.165525014049013
30.02136722200003	30.235936994115782	30.565657751111544	30.166304247658104
30.022206945467612	30.23614073069816	30.56734206817154	30.166729478424518
30.022272724637382	30.236464986373214	30.56837974289877	30.1668830975621
30.023803870567413	30.23699841191631	30.568658354578343	30.168037416181427
30.024794553883634	30.237065043294596	30.570183653954743	30.17032331401886
30.025180900708953	30.237644187393926	30.57027539912141	30.17063472291366
30.026692006429386	30.237908657616657	30.571034628600923	30.170791067715918
30.02697931098999	30.238223496047844	30.571326766476364	30.170962975379695
30.027571364843052	30.238226296387598	30.5715138812671	30.17159988963167
30.02798822639361	30.238533021898604	30.571524596151605	30.171952859709556
30.028422781111335	30.23871531020967	30.571935407469084	30.17195561611897
30.030989195580997	30.23882437945361	30.57371528976968	30.172404410789778
30.031151157995758	30.23934598465342	30.574444177769582	30.172502272719285
30.031770289236675	30.239572590706906	30.57457145686384	30.173784346258685
30.032394552313495	30.240355379589328	30.574756436898305	30.174667472330892
30.033603391711452	30.240370347044355	30.574790052244666	30.17596545443557
30.033821257611407	30.240454433959364	30.57504312820116	30.176744120151447
30.034137320914514	30.241258508121206	30.575404637008194	30.176771536790945
30.034142964740756	30.24145357190388	30.57637888482072	30.177415836381112
30.034339110358207	30.24171285535956	30.57654546217791	30.178247527155268
30.034815454557958	30.24235259560365	30.576932370897367	30.1783819655774
30.034821021542676	30.242484677853806	30.577347160654213	30.1791023309473
30.03637916266289	30.242849626612355	30.57798708686779	30.17974909418902
30.036615971269924	30.24298679507569	30.578045500286766	30.180539957539647
30.03667070199609	30.243282207013777	30.58017633839546	30.18056083427121
30.03706519410762	30.244409481030132	30.581218420068538	30.180983259243302
30.039423625241728	30.24477223396215	30.581770339046205	30.181207221780838
30.040316591283723	30.24520437485398	30.58186602477697	30.181953221896006
30.040410346468377	30.245291122458955	30.581999557929468	30.182310028695674
30.041271945941123	30.245408218976948	30.582112326608037	30.183316772223154
30.04137162684807	30.245602445196596	30.582709905495385	30.183733968339382
30.041430033142976	30.245915044116742	30.583585758984842	30.183757960458315
30.041607064960075	30.246178918222668	30.584297753185282	30.183803893201567
30.041760284294437	30.246650023925582	30.585510316866845	30.183974125793842
30.042555383529624	30.247162517433473	30.586029939387657	30.184389681300836
30.042965965209678	30.247620187658296	30.58703541951556	30.184447699655607
30.043408663522136	30.247663461243175	30.587353970105124	30.184525109567478
30.043493766407686	30.24799797773172	30.587394477478284	30.18456251103728
30.043717991487384	30.249070313076132	30.587601666250823	30.18512567263531
30.04381075609463	30.249103212668622	30.587627607006855	30.18541640154641
30.044370217360214	30.249565551878476	30.587672717985274	30.185417504067765
30.044825586858213	30.24960178249232	30.589425876624926	30.186964059776322
30.04515242391039	30.250038909957993	30.589716370705002	30.187533271890548
30.045973342911264	30.250379685511042	30.59035471713504	30.18804783385043
30.04700958095838	30.25056055968803	30.590861687492772	30.190774510713954
30.04710348685549	30.251195223694822	30.590869250599294	30.190819792248554
30.047568505111034	30.25138374136449	30.591207232221198	30.19138785716851
30.048099581001036	30.251539870069095	30.5919312835853	30.191889169775983
30.0504892186669	30.251924437285524	30.59271901891197	30.192439002648243
30.05202396203883	30.253006870352486	30.592730013840495	30.192574456170004
30.052586196112234	30.253038599362164	30.593156049274874	30.192957137923308
30.05297751827525	30.253260739557433	30.59316842026312	30.19313278365048
30.05375980498554	30.25342998232444	30.59363250046838	30.193481385103087
30.054167611783818	30.253613260952516	30.593714798550124	30.19411371541918
30.054529391691776	30.254192270243713	30.593812649945253	30.19418366308082
30.054645306328005	30.254598177524866	30.593975997142795	30.194217599342995
30.05495342372602	30.254915138837028	30.594058420410008	30.195311067930977
30.055116793923418	30.25523665603348	30.594468015814456	30.19618343898023
30.055831096322635	30.255315410234275	30.595040224485953	30.196484231943913
30.057592227977896	30.255708745992866	30.595633164682443	30.196559887991324
30.057850995355203	30.25571305597046	30.595805946547237	30.196908011049388
30.057926528374715	30.25608373649529	30.596028901432692	30.19737551607095
30.05951212754042	30.256252659293736	30.596544465709755	30.197404761396175
30.06107557162824	30.256316798875417	30.59690680410726	30.197993049799422
30.061508658574922	30.256472135490114	30.597329679738174	30.19906787454355
30.061535798904263	30.256611885665194	30.597337139059693	30.199596730502865
30.062347746262336	30.257274308173816	30.597894420252057	30.20132315860996
30.06294419549225	30.257320138841692	30.59930520295923	30.201464037125522
30.064862707434184	30.25739758756655	30.599416382021875	30.201591694292603
30.065021438147095	30.25867398707107	30.599446701006045	30.20166987683847
30.065056356125353	30.258704591046776	30.599561248902504	30.20261184848866
30.06537190291573	30.259409293582543	30.599592505385047	30.20286452838694
30.065852730438433	30.25973277122049	30.599984943310368	30.20374984230285
30.06617421588573	30.259882109917072	30.600863673360323	30.20447862300946
30.066718525872417	30.261386468699357	30.601578428629555	30.20568897485197
30.068007199927443	30.262436401973225	30.60235138295881	30.206011468783885
30.068393945041365	30.262793262182274	30.60255916017698	30.2062764852295
30.0688800248309	30.26316896452775	30.603200680334375	30.207321911323177
30.069064189264544	30.263232039102114	30.60404769430952	30.20742773809343
30.06912536161121	30.2632433266437	30.60424051918794	30.20772409136545
30.069230336193968	30.26332799758731	30.604792849061738	30.20786924852265
30.069851371173144	30.263503178183747	30.604888014107008	30.208558404836843
30.06994685349005	30.264139050813455	30.60516843238849	30.20990490560984
30.070388375621032	30.264194244199967	30.60655645155293	30.21005949575847
30.0713274601167	30.26439273058157	30.606830859933734	30.210253458155368
30.072022354770127	30.264401822088217	30.60711511354148	30.210342649925813
30.072448285251994	30.26463084128973	30.607210023842853	30.2106405004218
30.073187038415995	30.264744599009212	30.60779286908746	30.2115159353243
30.073731395442405	30.26487200802981	30.60856825172896	30.21353072525407
30.07436950694647	30.265197446943365	30.609977970443214	30.21376012168531
30.07519360016801	30.265277538951267	30.61063242058197	30.21424329228187
30.07534917276137	30.26534083282457	30.610885889661468	30.214270367492787
30.076084925168182	30.265454780364763	30.612260902465046	30.214389216223445
30.076541788507313	30.265591610237667	30.612619854355724	30.215868648883763
30.07748355746463	30.265922263148664	30.61278719957527	30.216208763749158
30.07762461774321	30.266583842180843	30.613722546707955	30.21629540565066
30.077779081046547	30.266969635170888	30.614032004648532	30.21718657532028
30.07806677681858	30.26764922004969	30.614670593032557	30.218462101381586
30.07904096326002	30.268073332873993	30.61666879577609	30.218691059237724
30.079397280414973	30.268144378200393	30.616671632293198	30.218728819112915
30.079629060978473	30.26817476782575	30.616775871327633	30.21896265976182
30.080088716045882	30.268301254749435	30.618144284961428	30.219349091294717
30.081856816998176	30.26861836459562	30.618757401005823	30.21978907287092
30.082564203734076	30.269105948666887	30.61925067218303	30.220547954486292
30.083273844473624	30.269133135230227	30.619365974781182	30.221128015614774
30.08430696607825	30.26927147936579	30.61940469547674	30.221164808041642
30.085226331047654	30.269519738080955	30.619555496077	30.22192967529079
30.087568828293016	30.269999738160163	30.62106791194732	30.222047145360925
30.088611896177326	30.27074794326419	30.621764309185224	30.22234031270469
30.092821631713832	30.27173647850985	30.62178841603464	30.2227618470339
30.093032473183467	30.271863097922022	30.62207388142552	30.223691715804513
30.093229155237783	30.2718858039866	30.622670677816604	30.224160258315777
30.094162222780344	30.27189978801599	30.62304591161028	30.22421710917674
30.09444528245763	30.272099835296174	30.62316589458718	30.22513732480317
30.094622162707505	30.272280554867326	30.62517217431898	30.22559079829434
30.095505115842982	30.272484695813823	30.62577082969271	30.226264504161996
30.095515647210178	30.274179298823576	30.627394169243672	30.227106243490084
30.095668388928612	30.274205114221385	30.62845653909932	30.227464191229494
30.09572944102695	30.274308035032558	30.628677028513543	30.227680193945094
30.09593979532559	30.274432888196028	30.628912820415444	30.227953923877347
30.096278309532224	30.27480152075616	30.629299569882143	30.228965886639052
30.097954249539313	30.2750949640925	30.62956407953873	30.230183742787215
30.09798961734539	30.2751407490099	30.629715297300127	30.231023172083066
30.098818638882392	30.275722435402507	30.629798112627373	30.231314773477873
30.098883482885743	30.275852927426115	30.629958946838062	30.23195630637208
30.099151734094463	30.276094428564562	30.630242009417792	30.23250357148157
30.099524604874933	30.276540659007406	30.63053934782648	30.23261940673693
30.09953498044853	30.276598530277433	30.630865887426964	30.232826028105258
30.099846808547962	30.276664531724037	30.630938184987304	30.23303652149671
30.099947444191276	30.27672511863424	30.631328796854984	30.23305761274928
30.100759030143188	30.277114072897028	30.631596646761906	30.233114070516812
30.10120969396465	30.277224054109496	30.631748396301944	30.233759332092895
30.101270852401743	30.277979015463256	30.632075050710316	30.234360045905653
30.101277900818676	30.27813004135359	30.63346272223476	30.234935272377644
30.101627290585363	30.278562488717483	30.634433377954032	30.23674312971175
30.10307680350485	30.278606574738177	30.63546796695131	30.237185908856233
30.103854996872926	30.278734788443533	30.635679793296756	30.237339250273564
30.104338149125397	30.279085104846892	30.635767498838494	30.238025407429028
30.104527978440906	30.27911835316126	30.635804044145853	30.23807089452218
30.105414261569617	30.279543071983376	30.635863962599807	30.238360741285646
30.10550527779214	30.27963888072854	30.636202848580318	30.23899567510691
30.105786668449753	30.27971219949089	30.63656601464389	30.239508397505716
30.105895956874363	30.27986184543695	30.63761267857044	30.239511838005466
30.10629743296211	30.281256920711478	30.637683085696406	30.239768689598243
30.10730978165351	30.281309662613623	30.637974749780028	30.23990554674036
30.107649513515423	30.281326328279015	30.638789841800637	30.239932907809134
30.108479954631086	30.281335505205806	30.639085053683093	30.24020450667932
30.108722454124145	30.281653865562127	30.639193042921473	30.24060611981714
30.11018477347573	30.281902221059426	30.6393643254077	30.24096483739321
30.11041692109122	30.28221550691246	30.63962648659636	30.24214400323905
30.110462336197532	30.283021828326866	30.640022106201457	30.242408966629537
30.111844034017164	30.283295755802737	30.6401067435553	30.242555480508603
30.111933568626384	30.283350242016233	30.640692882920035	30.242819445790627
30.112149173668698	30.28342203508076	30.641231405158813	30.242925129528093
30.11275843444949	30.28350538189222	30.641371613912305	30.243155834645204
30.112917166092167	30.28407248551379	30.64148709277311	30.243599946062307
30.11357640631601	30.2856769089709	30.641708617421877	30.244119982302713
30.113935946166073	30.285728147736737	30.641854751888804	30.24434654672541
30.115249796232316	30.285979914215297	30.64243687512301	30.244916136998423
30.116001617055304	30.286000135141716	30.6429004658815	30.24515161672932
30.11623469013157	30.286084479866297	30.644488708277336	30.24616482793136
30.117714896953096	30.286202017989886	30.644523734912205	30.247541709247177
30.11820143108806	30.28719422653829	30.64559718241094	30.24973874339915
30.1184522756538	30.287681002271363	30.645872702073923	30.25016590023428
30.120609108076604	30.287699332268417	30.646105042582466	30.250763481185196
30.120841327333892	30.287938853850207	30.64652030045367	30.25127801795367
30.120957570958684	30.287952162922565	30.64681479151561	30.251307986085397
30.121077838732006	30.28805791904215	30.64687059131089	30.251323941390826
30.121477490185555	30.28817966905337	30.647740745096577	30.253990509313148
30.122184582963264	30.288218806474823	30.64798184347788	30.254498803137587
30.12293524403839	30.288371102978623	30.648062700010975	30.25486837994932
30.124617606522314	30.288891178670134	30.64826815416918	30.254930132910076
30.124800343944912	30.289122263939912	30.64869342000855	30.25577254863378
30.124826882585225	30.28919702137293	30.648771245429902	30.257566825244947
30.125873601261667	30.290019645130602	30.64913766343549	30.25784582162258
30.126726104402913	30.29009764738568	30.651215636367983	30.25800652073378
30.12680918840309	30.290321956167517	30.65136494023404	30.25853826530297
30.127100860587184	30.290411667558605	30.651578521066995	30.25889507210264
30.127403114302968	30.290599818779352	30.651835314830386	30.26047802729942
30.127765245751945	30.290759939924232	30.65195863587769	30.261296763936926
30.12829058622499	30.290832020745537	30.652723545282267	30.261366672895623
30.128906807340613	30.2910450560521	30.652902150908183	30.262374957925186
30.1320044223476	30.29126508543449	30.65311946322975	30.262477828924233
30.132028637052137	30.29145474319722	30.653313743356243	30.262616143374384
30.13332816842146	30.291516875996706	30.65337735624708	30.262899428588568
30.133656823526252	30.291700984730518	30.653499077783394	30.263123983285237
30.13376957182669	30.291806679343694	30.653904690720516	30.264436637081346
30.13380878617957	30.292330481289106	30.654078819864893	30.26450446154918
30.134225262470373	30.292412046300754	30.654341591418934	30.266103121116863
30.134471243483105	30.292653054515444	30.654658286430443	30.266269296665424
30.134783838455654	30.293028818225423	30.65481952697383	30.266612358487105
30.135616022041322	30.294018232367957	30.654976737224995	30.26665619191306
30.13715862452249	30.294235669777606	30.656110373614553	30.266775039308552
30.137373144550498	30.294398989427915	30.656238784415887	30.26723396845984
30.13793215011368	30.294549298898676	30.656250213435147	30.267476411926367
30.138595457296063	30.295008929124304	30.65723051941736	30.267605876597937
30.13903866613073	30.29514962550553	30.65725144198162	30.267877089502036
30.140216838801464	30.295239318616517	30.65793204552932	30.26866124202811
30.14091844847495	30.295252747559235	30.65807196400773	30.26869879653976
30.141052778901503	30.295338569872882	30.658176670059294	30.268834999941195
30.141401267364426	30.295338778829272	30.65890632066302	30.2696135457658
30.1420890396242	30.29565554705584	30.659313151336644	30.27007887446546
30.14217423608529	30.295735697680314	30.65947038572591	30.270079382902328
30.142241309260285	30.295857953185894	30.659671642575994	30.27015288367754
30.142523785654177	30.295907434929163	30.659999100370687	30.270559319132055
30.144357876251846	30.29603365524872	30.660045756352236	30.271099272416834
30.144746011333375	30.29624621573845	30.660212215171203	30.271924139335667
30.146088527153598	30.29679832040382	30.66087064265966	30.27224719764664
30.14625500070228	30.29698707962545	30.663329418358167	30.2725817442257
30.14646775786274	30.297958710425632	30.663817616249567	30.2727315905744
30.146601766479836	30.298169666609027	30.66423969767993	30.27327203755739
30.14692577668746	30.298302219068425	30.66641685788707	30.273287992222585
30.147561181596664	30.298423400275112	30.66673508353653	30.27345308613953
30.148889072214196	30.29851876381274	30.666812424117122	30.273717457431996
30.148996680872592	30.298797121258406	30.66681746491848	30.27443428916875
30.149697417644255	30.29885565664204	30.66691217641263	30.275045577635314
30.15006395262856	30.298980072937074	30.667258896885038	30.275512682389135
30.150388257254914	30.299187038907373	30.668778907079982	30.276304802947
30.151781855368892	30.29926818901408	30.668802010770513	30.276354106151285
30.15209989273428	30.299458059943678	30.669311255200135	30.27670099228996
30.1535012770698	30.30028943905446	30.669694551582396	30.276717276183007
30.153915552089444	30.30031675604058	30.670055500227097	30.276772144806095
30.154597958231182	30.300543670807077	30.670806018578354	30.27694622355967
30.15507635072033	30.300774322627312	30.6708876094481	30.27842089106933
30.155477337074437	30.300871833758126	30.67097573653302	30.27862071146467
30.156716036934775	30.301250726763634	30.671596592311456	30.278912419275027
30.156942819432768	30.301662860819636	30.671972235842162	30.278978018354223
30.1572028947938	30.30202064113066	30.672433654877494	30.27938330418187
30.15747061427755	30.302335103133696	30.67281231739373	30.27962205774373
30.15817359509323	30.302616054486208	30.67301630481781	30.279771334638056
30.15868680148092	30.302726149208628	30.673181037129243	30.281187873748664
30.159926393260285	30.30293002230714	30.67378003611241	30.281290243530304
30.159940870855486	30.303042509598185	30.673997254190514	30.281643266901465
30.16088661081902	30.303085601834262	30.674074164866283	30.282798718621148
30.16292347276022	30.3032997758714	30.6743207485432	30.28329904427029
30.16315922074902	30.303385940991106	30.67475617904075	30.28339927011595
30.163405526627614	30.30354548659113	30.674773375304206	30.283502973421452
30.16342724898201	30.30360747826178	30.675007425361414	30.284601641673138
30.163645965140354	30.303761454315357	30.675446961631287	30.284710840032957
30.164647573284686	30.303996766535228	30.676047979358408	30.285187932677516
30.16580250169135	30.304098569987644	30.676274777545952	30.28566093845209
30.165925761683155	30.304361707047224	30.677210572023295	30.28590243982796
30.16677039995581	30.30451021684767	30.67730004128459	30.285976521407314
30.167069563579332	30.30510993152174	30.677696327869295	30.287476888225054
30.1678488218342	30.30521836182104	30.67772156378383	30.287501269056566
30.167948426779486	30.305604458119387	30.678330317737505	30.28815101496488
30.168127822418512	30.306584256569664	30.68004177258074	30.28823137842735
30.168644899859043	30.3067037471277	30.681789809790665	30.288482433807804
30.168770226071423	30.307178803903618	30.681938667932656	30.28876523735663
30.169193303008235	30.307962625748676	30.682452632207564	30.289112832844232
30.169989116543913	30.308032116213226	30.682467092951327	30.290073346139764
30.170625240664183	30.30876041530653	30.683935115704003	30.290807942047795
30.17088728142145	30.309318913975723	30.68439648659812	30.291600403684132
30.171155556445246	30.30979693364145	30.68445069924683	30.291610353807542
30.171914093514435	30.31023012280697	30.684647748986936	30.291829069990797
30.17240581984536	30.310279322414463	30.685971657543405	30.29259403389993
30.17240600218718	30.310304020825633	30.686316406818538	30.29275793599097
30.173085808312557	30.31040849226765	30.68637562843207	30.293524697531304
30.173119730359254	30.310850222984662	30.68733846963241	30.29353369554669
30.17324531426383	30.31169668235855	30.68751167885157	30.29369321402396
30.17364850264378	30.313104719342096	30.687603543012695	30.294763540342473
