0.8_0.01_x10	0.3_0.01_x10	0.9_0.001_x10	0.7_0.01_x10	0.4_0.01_x10	0.9_0.01_x10	0.9_0.01_x40	0.9_0.01_x5	0.9_0.01_x20	0.6_0.01_x10	0.9_0.01_x3	0.5_0.01_x10
29.38688637474211	29.3570196399109	29.369459148353148	29.359942132680782	29.39887873569056	29.371685739253056	29.283891088223033	29.33602453686867	29.301386634651774	29.368645377588177	29.3570196399109	29.341265203379088
29.396130847052493	29.406157276048035	29.37009735386446	29.399930196239502	29.43884797181479	29.42883887139906	29.389808867512002	29.368302412669898	29.377959377245745	29.395447328711253	29.408995144706683	29.368302412669898
29.403123391375782	29.463263803809355	29.379727341420157	29.43128465197495	29.552328229337224	29.43666736535752	29.431612189748982	29.368737957601834	29.400200898605892	29.395492086132	29.43303305348166	29.400200898605892
29.46512261297113	29.46512261297113	29.397336804300018	29.439270296003315	29.586137177131064	29.514592628812444	29.499458451118446	29.463948543719518	29.454356410883943	29.39932546244105	29.44949866920954	29.421399840216566
29.469206430660797	29.491605126512788	29.418142768043772	29.472016734614733	29.60719151410354	29.554871741594262	29.604140771888897	29.471355544008613	29.505159937650305	29.401412448585024	29.486627048920194	29.466473565474345
29.48106244535703	29.542932865744	29.42361350980787	29.501895988683692	29.60788565240713	29.578754182133892	29.616158492042445	29.50033986711733	29.58703592111483	29.437055550161276	29.5000448627225	29.48106244535703
29.49950122106683	29.56075956911112	29.44919244803489	29.52810810899117	29.608673442215874	29.581251318580936	29.64686807537278	29.51689977843656	29.605916265213537	29.463224628359043	29.50767047232306	29.483101219282037
29.563516834948167	29.57867724633967	29.45094782356475	29.56301649824567	29.619083260943995	29.585662511429753	29.649950725461327	29.566259457275052	29.614527062569344	29.477551521951828	29.51816238951432	29.580447966249164
29.59747332044436	29.602665500521294	29.454356410883943	29.58703592111483	29.62328184645764	29.598790572133836	29.65085782089085	29.610210427829642	29.617419368242	29.50385855363283	29.53015675540568	29.58540211311378
29.60002630410791	29.60455913182113	29.532174843319343	29.61369257986338	29.626957985891025	29.608362938047293	29.660456052955332	29.611025530831153	29.623566181736994	29.555858607682392	29.544845990826243	29.6044461481768
29.60989430424464	29.60974176052951	29.60636754783748	29.624681655728416	29.630705551241917	29.613093570496684	29.68298725202632	29.622561449073917	29.643488258886805	29.568288748107648	29.546511461605146	29.605275049955296
29.613536706255022	29.612064984656197	29.611314200635757	29.644896035574	29.636365750483122	29.627816786482285	29.69160060092307	29.64020479050768	29.64680601524457	29.59124675956575	29.557901560328396	29.605422457520323
29.61698760808523	29.625988606874316	29.62044047299154	29.646854263546587	29.643922646417447	29.64751527182653	29.693159793097017	29.65993594232453	29.65167757141697	29.604909154958115	29.55848557243891	29.608681534963715
29.633983552258442	29.628384765321417	29.672448134331567	29.656709034688692	29.64422631157189	29.65506549032288	29.708501430959526	29.660888417591465	29.6617409332772	29.605916265213537	29.570114618043117	29.61198640502488
29.643445561376723	29.64298018997122	29.676682628123686	29.657029500578062	29.694598220511775	29.70518735773331	29.72309510168664	29.671181054314943	29.676900175879872	29.650812729758865	29.588838767500228	29.64986611067208
29.645499848464894	29.64901335102064	29.67796968332125	29.661965040913383	29.699657514625766	29.712602396478133	29.73175462393295	29.675416650668687	29.681171673961707	29.651290199234605	29.601206260790317	29.650812729758865
29.648677549075895	29.664306244058224	29.679447283530152	29.67635326949917	29.70494496519131	29.718121693320775	29.750570118443434	29.6805313858182	29.681857474815843	29.667246803554843	29.63636575048313	29.653233095238907
29.66186692951061	29.666388197887958	29.685466732898306	29.678405797789125	29.715166411040183	29.730017563951062	29.75404934653462	29.69139733689911	29.68190484076665	29.671289411776062	29.638737801499044	29.657780043940317
29.68444755954324	29.687344654667264	29.686736019615537	29.683648366093923	29.71540559425842	29.731542853728733	29.763185531988917	29.700446523217394	29.691133378448956	29.68703901114252	29.647162836079563	29.670848456951916
29.689346998137406	29.69073565194947	29.695208052039064	29.68966799982616	29.71731301407357	29.734359571440294	29.76716176001566	29.7262390509032	29.72906544384004	29.696185328565612	29.64945700913732	29.68685836719401
29.693802311695194	29.693913625122896	29.701859659874124	29.701670822152725	29.717525169220128	29.74241401553657	29.76850218491503	29.73651847468986	29.749522280794004	29.706206552645288	29.663949845586025	29.701918634200023
29.695343511368534	29.69763347772701	29.705088130518927	29.71396320288963	29.725476458444245	29.7441909181523	29.771737510897662	29.743382985055394	29.750082361222724	29.72275528620367	29.66834565758737	29.713819047226437
29.701999215184223	29.700344140691616	29.708998490387398	29.7192053749078	29.73129297606467	29.751777352666902	29.78343045211716	29.744764203509835	29.755098255983963	29.728663789561125	29.674026592737455	29.71498802498802
29.717210818221567	29.71313388345662	29.71009343254023	29.719393125819607	29.73351145459177	29.75210166461724	29.78500275483345	29.745348735057036	29.765433793297888	29.72931390744115	29.68150379081988	29.73038486289108
29.722131867108445	29.714240023208273	29.710412687539794	29.72373450011228	29.75114001613271	29.755328434661823	29.790322439892538	29.748311819558907	29.78721637961846	29.73835601258296	29.68474990037907	29.736340379935832
29.725802092204713	29.72441092949368	29.714686050688893	29.737865145419754	29.762054496714843	29.75649683480794	29.809632244711928	29.7510482174722	29.793557134596416	29.739912516056012	29.693012497818593	29.74159871991415
29.732910938872884	29.738099519619347	29.722934157883508	29.738562234088768	29.768623196154095	29.77285789682945	29.81205830195472	29.760964728841106	29.794953532138898	29.743028582801713	29.700798745558398	29.745930377242
29.750727365576864	29.743272952506636	29.732541338460436	29.748613380877522	29.773609278423137	29.785274167733867	29.823040297872847	29.766896026652656	29.80065034701049	29.74798911766	29.70508613699988	29.74945693254479
29.759364651077888	29.761272263491797	29.74119022568233	29.755098255983963	29.778225772547653	29.787949188422118	29.83619319464594	29.777345763706858	29.81002053387928	29.771358250587273	29.70662548128146	29.75404251983696
29.762609325544545	29.761800294253025	29.742554170398183	29.756094385818436	29.781026791217652	29.788382244683927	29.843257019908577	29.78110933396216	29.810687114755595	29.775090572686466	29.713819047226437	29.767478396088674
29.772849569081213	29.763368176082583	29.748611489145862	29.777419778556062	29.7862627073644	29.795555237698032	29.84338735156497	29.788169536818856	29.8108126634285	29.780963383927855	29.713879832251074	29.770156833483433
29.780205464437216	29.76978266899244	29.755078915419148	29.78906119308708	29.794932293767246	29.804360185662766	29.85281928624967	29.793730835959867	29.82038846045951	29.78228226881233	29.715280831595283	29.772722744515118
29.78481241125902	29.770647633766163	29.75526880121277	29.799334988774735	29.8106871147556	29.80576803290175	29.857591363284328	29.797963730678156	29.83572790899436	29.78266227373036	29.719836426593254	29.773263046232778
29.79136120483823	29.773229334102112	29.772918020107948	29.80198111870309	29.8144991733002	29.8073419271751	29.887297011030764	29.81145233925468	29.83689287185113	29.78641294949311	29.73984121595366	29.774594267289885
29.792303841040564	29.778844168418555	29.774120638769137	29.805311606600412	29.8179772397871	29.80911792630771	29.889493643861183	29.811580814578903	29.83719033166315	29.794034967180945	29.745680760967943	29.775109468492854
29.793103435720912	29.79245055743568	29.794375935683384	29.80838781920482	29.82226242049409	29.814015602282353	29.893282815741888	29.830475650693657	29.841025512130333	29.798896999783715	29.763760431983318	29.776247855404392
29.793248904948495	29.79544039559219	29.799556471532874	29.812797329495854	29.825854604183316	29.82566033765156	29.904322560281145	29.83274055806249	29.845515045689204	29.80091620872912	29.76771106369532	29.776601615006985
29.794817430823187	29.808620971568065	29.818704801238475	29.814678083183463	29.830581570799243	29.8257233508659	29.904869054390293	29.835147475807304	29.85991812034829	29.80608712346771	29.772044595506692	29.787171500778957
29.794842496174414	29.814081567600592	29.822286572625753	29.828118171843126	29.849772921703593	29.826127347305068	29.915813128285983	29.836137422450278	29.861708524200765	29.81031215277662	29.77643424285057	29.793068344576273
29.796523094324307	29.81872794749906	29.82763919157394	29.829747716209592	29.858501715913043	29.8329850008417	29.92483364616039	29.84724258277126	29.871373595696415	29.81205830195472	29.777155793069667	29.79774376227198
29.79825861227919	29.819130692608326	29.837374206661405	29.83027876463384	29.8588111720514	29.84056681914281	29.92488085948449	29.853117089170656	29.871836083648798	29.813818477171733	29.79025310563037	29.801645550308795
29.80467469395811	29.843262812911707	29.84926488813259	29.836360637580196	29.860434677095974	29.841020477916	29.925813169792274	29.858514907296684	29.875474425243684	29.81840965416739	29.79059160838576	29.804210676085663
29.810812663428493	29.845515045689204	29.850803529229687	29.8401959077382	29.865338219618227	29.841577457494434	29.92770922279409	29.87074855016622	29.880423577515486	29.82245989788128	29.803539321525605	29.81382003262648
29.81307514267764	29.847172635159644	29.875077186200024	29.840826946634124	29.875733683738726	29.850275850794418	29.92784887208863	29.871422204258295	29.88201671521997	29.844543213776607	29.820275934582405	29.820130625145868
29.814290790418287	29.849397860051372	29.877924947387015	29.84584394015397	29.878796992201778	29.859861602241434	29.928706507569654	29.881606483251826	29.884148333362795	29.84705897634842	29.824000390714417	29.830802943703482
29.816590777115753	29.854706511531596	29.883930334701844	29.857078468175093	29.883688677576487	29.86121665543417	29.93232637710009	29.881702196581923	29.88879955826515	29.847828529915976	29.82483946805584	29.842199937597172
29.81760145047993	29.85987403273361	29.888397580511473	29.860797826744783	29.886091145821844	29.862088220427733	29.932583276963783	29.903749987626583	29.890324687738865	29.858974176444843	29.8277684021578	29.844743464375338
29.823884201341457	29.863737902059803	29.8885162912163	29.864874058677845	29.886539018366978	29.865907324893016	29.933027794122175	29.905552492133904	29.891066539390064	29.86179276633652	29.830667203869975	29.84574064030696
29.827695301026548	29.86486679114636	29.893517374372617	29.86516810859385	29.890835441270305	29.866578808825942	29.9380642296606	29.907905482227058	29.891306751415584	29.869106867351295	29.839774997882525	29.848797173612297
29.83667147507678	29.866513294993638	29.89641920154677	29.87057494132025	29.89430738712867	29.868604497314053	29.949332848819985	29.911818915698596	29.901825641611488	29.86971252669864	29.843142661933648	29.85425345156895
29.843257019908577	29.86811283704703	29.89702739374378	29.877330196733237	29.899398785995977	29.870482506244254	29.949865402507918	29.916447017951214	29.90452839489699	29.88255532155123	29.84593406467188	29.854587277412758
29.851134976642474	29.879370769373978	29.8976899089414	29.881454071566708	29.905291348745713	29.873538327799636	29.950625895636865	29.91732332203215	29.905327640320255	29.88424100955889	29.847080905730312	29.87468874200087
29.853496760538373	29.883617138384864	29.9034715859508	29.88421975126074	29.907540034414	29.8816087803603	29.95174174161775	29.919520116243255	29.91017912346381	29.88514585219422	29.847940089041177	29.878051475465767
29.85672722188212	29.889772918769577	29.911308366445393	29.889873507777466	29.915040876327346	29.884594882633166	29.95922137010236	29.923647735753043	29.910179123463802	29.88676040048783	29.851327759442324	29.881112301084173
29.85859966837279	29.904420951617006	29.915627047667922	29.898962780701925	29.919572978607004	29.89018147358934	29.96078654794961	29.923669075284785	29.912211425773364	29.889597237969934	29.853533147581665	29.881549993255653
29.86090807905197	29.9153672231596	29.918023629205347	29.910941360235235	29.91985284359711	29.890357120830842	29.971795228531334	29.923752832117472	29.917883247363076	29.895299681087735	29.862739512527856	29.892054942107563
29.863322955429524	29.915480587818173	29.922388157823878	29.91668241837192	29.928651357875246	29.894843100945558	29.972825757361214	29.924276849302903	29.924787420986693	29.908490155541493	29.87508065089741	29.89878195089462
29.88058550845432	29.916176951952867	29.929482687650594	29.92951215879838	29.934974970744133	29.896230808402805	29.981329464472523	29.924622315060972	29.926952111825077	29.914589089395438	29.875750919506793	29.902010528375833
29.88120677699297	29.918127741538445	29.934413327988672	29.934858136938423	29.936717347358858	29.89746987146784	29.999359780881164	29.930407656406974	29.930695841496885	29.915480587818173	29.880771837882953	29.905547981646887
29.889691782799602	29.918242604318294	29.936759373507726	29.937411128361095	29.939787964991915	29.898404503508463	30.000036245812975	29.931136478467685	29.93297193595091	29.92520915046996	29.882546982189687	29.915792260158383
29.889739231661267	29.919878782877092	29.950730845931666	29.938588461994946	29.946660931532286	29.908532616434883	30.001851387681473	29.933607213150083	29.933388270592154	29.930171212650613	29.8860517044947	29.92364518491696
29.901183808863554	29.923004738013812	29.95375910601487	29.939735791508966	29.950264374633697	29.90866697568177	30.009945544940635	29.946455113414306	29.934899013086316	29.934481717643486	29.886322873335594	29.925165348663974
29.908407939894598	29.934218655683537	29.961918463177188	29.943328904912498	29.952217639095085	29.911869929571434	30.01096700040697	29.953317964320902	29.937271487099043	29.935119069312645	29.886944296146392	29.93065100626509
29.912170392406683	29.941450318300404	29.965617670934634	29.949650881328743	29.952547007911694	29.91293514575234	30.014848872332447	29.95506960993322	29.948819911150306	29.938540744827993	29.89037915699169	29.934488962473882
29.9123427566033	29.943273632265537	29.96806955635656	29.959577224287685	29.967700003991972	29.91963963406094	30.02007847570279	29.955553216188665	29.950026116280085	29.94196909820797	29.895908101101128	29.93611208565612
29.9146166503554	29.946097037357244	29.968793209583122	29.961563084282258	29.970472409152567	29.92160443225315	30.024707379376185	29.96654739121519	29.95173588595628	29.947885253003488	29.90051744852272	29.9364147202425
29.92248094655604	29.950133883801474	29.97290313376838	29.962744593807106	29.971411683687556	29.923647735753043	30.02497803996973	29.96668265992161	29.95378152362814	29.963476317565302	29.9178119926214	29.93699702737772
29.928333723773942	29.953818044314893	29.978970016715195	29.964587091141812	29.971990852759248	29.924792315164993	30.027798658543833	29.96794668597747	29.960823524559096	29.969447650621607	29.922644666567283	29.94079283601772
29.93827434108148	29.954707578236327	29.979445003747895	29.977353926487883	29.97223692543951	29.924947727461674	30.034066997820783	29.97195457953996	29.962076933827994	29.96995916002825	29.931441827252378	29.94933023018234
29.93837537981337	29.962126291154817	29.98062020985342	29.979871357135234	29.980035759248473	29.938842054740025	30.034224214690862	29.974894464186296	29.981568854539464	29.972068092737757	29.935027280914486	29.964697159344745
29.93914297465102	29.963455732435367	29.991359889749646	29.98412227749631	29.98057338993764	29.943530971424277	30.034933524895756	29.987204344425443	29.986512001036363	29.97915494097127	29.936831805267246	29.965633647507417
29.941742014157562	29.97200362721404	29.99618383309551	29.99228201061738	29.98116883607663	29.948658538396426	30.03977693058335	29.987991705249865	29.987046255869693	29.98198440277526	29.941920716819393	29.96995865768096
29.96351635367022	29.985437212191723	29.997251316427487	29.99279918962035	29.98221404248287	29.95710929361008	30.04808647671031	29.99983510101509	29.991474884067745	29.98366732073292	29.944852605451437	29.97023884184983
29.964059348214803	29.987508826149202	29.998105311838174	29.993116929407634	29.983573858294925	29.959494232940568	30.052934580166667	30.004186753255787	29.99160333102974	29.98953281061072	29.954552522572115	29.98316592681452
29.969334130183185	29.99122084635828	30.003687730114702	29.99555886535976	29.986926308369306	29.95971401171683	30.054421547440423	30.007606477100154	29.992387587538385	30.000244146999748	29.95653347656237	29.984125463862398
29.977901567686914	29.993449871099447	30.00869792385375	29.99576667237815	29.9937324784786	29.97674183766526	30.058519750803733	30.009443589720767	29.99308843135807	30.00078570078464	29.95742235092136	29.984464670211
29.979229878459705	29.993898410405695	30.02115922825642	29.99612674504664	29.99705612858366	29.988269529949477	30.064869374875915	30.011545951512588	29.993339895590722	30.0041007229892	29.957514885259723	29.98576562510977
29.98763852345559	29.994914336407025	30.02235117399379	30.006835259492235	29.99909183134099	29.98869104150465	30.065409789340514	30.01847847098272	29.999718655153668	30.00571957398418	29.96175217786668	29.992311441059954
29.98813150525663	29.998203470626727	30.02784306715732	30.00716068019347	29.999261166923354	29.98980826047607	30.066196463061807	30.021228018913718	30.00075939813221	30.010061830288706	29.967828780683824	29.992610429419468
29.99310004048334	30.009418841844465	30.028483285402586	30.011006971574567	30.001440988205076	29.992645031888195	30.068302650556525	30.0256268723588	30.009024537747184	30.01284578779919	29.97029923946594	29.994180790510804
29.995061159771627	30.013944376857413	30.03063176460235	30.014956432745677	30.00558931169936	29.993313677623444	30.0695493565772	30.03004869556199	30.0103060473717	30.013158973454612	29.977596332604932	30.001147656035947
30.004419172458796	30.019860800051397	30.03260704932652	30.02692941863275	30.006041117634872	30.00001807221693	30.07357636263686	30.03389802870101	30.016569074082536	30.014348989064278	29.977824246854574	30.010353775256362
30.005812618793385	30.024487162534953	30.033532877061653	30.027046732949806	30.017472950104462	30.003680713043263	30.075085805800395	30.0389805912479	30.02286746650888	30.016064819975004	29.977909220389996	30.011703669726536
30.00758443169152	30.029501027423994	30.035599032410445	30.030338411121278	30.019280888711737	30.01392523406928	30.07515022103553	30.040064163510948	30.023349967482602	30.019066491047163	29.979447414869455	30.013202702835116
30.008367969893023	30.029759969730446	30.03769547898716	30.04117422429927	30.019993098240704	30.01617712100672	30.07664287894591	30.04912554111151	30.024157057129166	30.01947662781696	29.981857500928136	30.022794244153324
30.010529069573757	30.03217042827422	30.038896274544545	30.046245703412886	30.022921575647956	30.019549403489854	30.079812466449404	30.05793769585633	30.026470279908438	30.02715497529539	29.9821336215195	30.0396884132933
30.01601135207592	30.037238110136073	30.04190419752649	30.05210735122788	30.025453225110958	30.025008300240046	30.081675739836577	30.058541962757705	30.032275991745134	30.028586608073695	29.982969692104025	30.039953218882026
30.024795343870046	30.047320120863628	30.054153608534328	30.052514031851537	30.02697995558398	30.026031326924517	30.084023950416984	30.0655026471555	30.033403503061724	30.03858406616462	30.001699959066023	30.04139374474729
30.026026671960523	30.047577045245433	30.054528739092756	30.05298404064447	30.028328343035653	30.02650542340473	30.088727798521116	30.069057454212057	30.03582512233403	30.038744471211828	30.009057025003585	30.043434621408377
30.0400501076684	30.0528693081929	30.05693538715378	30.05477593136976	30.028529097292484	30.028154636817128	30.09040371798292	30.0721677414806	30.045465936184574	30.03899570716091	30.02115219253014	30.04385926636551
30.040310764449853	30.05661619721188	30.060102929619443	30.057354784620863	30.047006005892367	30.03815591309553	30.103271051907793	30.075845574387724	30.050894375787394	30.03913547572347	30.02279034473827	30.043965582777922
30.040564776602565	30.057737524553065	30.067460535832573	30.063247957031447	30.05176437527913	30.040463928087195	30.110298872140238	30.07670860190875	30.057646900955664	30.039608834490085	30.025108671225865	30.046806067764862
30.04327662913354	30.06487731527539	30.07041284296021	30.06930858341821	30.05992863009479	30.041915282296422	30.119715270407042	30.079041161296047	30.06007909489882	30.04202447481613	30.02555413436883	30.047373191557092
30.04391364543678	30.066621978514988	30.07121447737311	30.070491508438785	30.06048823785833	30.05101779589534	30.121378251431622	30.084030113255125	30.060747228619427	30.04312776743896	30.029879165888325	30.05017385589678
30.04452928341221	30.069340928647847	30.07142311402108	30.07073443989371	30.062664143861856	30.052905558988122	30.123422264740388	30.084976015131538	30.061196660451852	30.045409440999222	30.032167325859845	30.05101779589534
30.047198212277372	30.070239665015993	30.074106972942168	30.071548301077105	30.064434644971353	30.054370828472262	30.12432326067197	30.08854369176734	30.067671357122236	30.048264230215338	30.032602866669603	30.052134572581373
30.05015097544285	30.0713057420217	30.075637102684663	30.08074909172739	30.06461263556684	30.054664667235507	30.12699360522344	30.088848871310034	30.074784528416473	30.050557908926706	30.033282264763713	30.053997145138204
30.052324839124935	30.077262302437255	30.079306832180798	30.08691303129622	30.06887025004508	30.056257685472797	30.133060279451815	30.09203944260807	30.074823162620895	30.056416173589362	30.037716725769812	30.05572464806374
30.052416076023505	30.085717551296547	30.086228222069547	30.093965705964717	30.069891676521255	30.057502845956485	30.136134821360475	30.092092571968358	30.08126665442097	30.062614525909854	30.03917863186317	30.061488008386732
30.055687953852303	30.086074811166263	30.088893954146357	30.09685333934151	30.073049381931188	30.060689778338123	30.137229994163985	30.09397250522766	30.089635132714513	30.062871654535286	30.040089055764142	30.072064484910342
30.05649548468696	30.098258957523285	30.08912030871854	30.096893052157196	30.073609266485192	30.061302682767472	30.14247107963274	30.095989615803497	30.091358609132495	30.06488871799293	30.040808251408354	30.07234962832238
30.05759244215931	30.101935125903747	30.090241839364165	30.09779167808005	30.074851532777316	30.062035700811386	30.143170484905536	30.0975680410993	30.091953842530504	30.066593759115086	30.041291493499365	30.07338691697408
30.05915906854664	30.10373798685231	30.090831151055177	30.099459439169003	30.07574873344747	30.062115186829335	30.14873821792165	30.10192450034079	30.10086953876047	30.067100095075418	30.0424653577517	30.073869379768183
30.06117049452049	30.104932632839116	30.094407454117885	30.101935196359054	30.076585141584445	30.065468003807002	30.151501857158475	30.10295986395095	30.104162293870154	30.07250666269178	30.050426431774238	30.074077229248218
30.066369988112367	30.12104207078194	30.097703399995556	30.107664586573204	30.08239135453728	30.065996323628006	30.154574251574694	30.103788250325806	30.10734689218187	30.074944119063414	30.05143375381815	30.076714578115208
30.0674370336256	30.121512017509787	30.100377579164704	30.110304947846775	30.08673388919256	30.06756676067123	30.158444196271038	30.104780779042656	30.112846519444844	30.080311973538908	30.05330430769324	30.077154801403445
30.07303661826238	30.125335495419698	30.103305191201642	30.11819203755384	30.087701191654318	30.068673923658906	30.16078094990255	30.107450146960996	30.11800462626524	30.089021877554362	30.054017806195517	30.078454535686248
30.07334915119951	30.13069612517931	30.106094852705876	30.119472793827864	30.093838929380563	30.06918028330216	30.165645381264863	30.11030190185179	30.118843804203998	30.089842567891182	30.056463424990074	30.079158094425356
30.076229397821933	30.13290808440826	30.107701765744626	30.120396439739967	30.096205429716242	30.07048838872847	30.177376273157876	30.11472473066864	30.121277810146434	30.098039951390202	30.056872342491168	30.08103307018122
30.07914977496455	30.13383820686242	30.110703749161306	30.121815531421646	30.0990742491424	30.07504508451976	30.185558208944506	30.11679719227964	30.123477915727282	30.102959863950943	30.05994023820125	30.08156913798623
30.081634087709723	30.139751589646195	30.111400676846156	30.126581052619013	30.103300578156507	30.07602740716913	30.19103554285084	30.120061698321347	30.12616363686088	30.104786209799112	30.060128413410997	30.082118627455547
30.082590455531868	30.14445457140238	30.113162407601124	30.129099630430677	30.104994408045194	30.078453203229312	30.192585542197897	30.125396300743517	30.13271107820521	30.107306495239122	30.0601681407243	30.08626565891173
30.082841981020454	30.14936904752252	30.113783091874215	30.130375962388413	30.10874944503547	30.08455778844002	30.192674429757655	30.131762330805874	30.134887368050165	30.1092552708464	30.063245396608856	30.087492513191982
30.083721902027936	30.15680997508459	30.118884492221973	30.143199854029675	30.10926062504649	30.08506509174129	30.19426242147934	30.13314449615733	30.13500315743337	30.111501760489368	30.064058180489546	30.08759335862711
30.084588413617162	30.164931527467353	30.120224179057647	30.1497581080454	30.11447176855547	30.08567963710502	30.198784628916034	30.137823584288387	30.13560763250677	30.113767067955056	30.06871887353454	30.09551109952354
30.08497239342346	30.16553462171273	30.128089510973247	30.153411962888995	30.117054174984492	30.08731176789524	30.20027126104012	30.13817770111715	30.138136514757946	30.119814140604195	30.07440145605205	30.096557058926305
30.085279610534222	30.16961089283387	30.13471586193233	30.15464697983573	30.11903960833786	30.090567433127283	30.200409975188542	30.139859565265407	30.140550525503844	30.125215277680688	30.08048177530336	30.097173861751184
30.08830295976818	30.169892844481147	30.13945364266314	30.16624918185685	30.11935472397522	30.090940818740446	30.201198934407657	30.14003783081827	30.142622605155495	30.125691702769267	30.081806769045098	30.09923318679779
30.090195159755275	30.174637917994822	30.14085478076731	30.1717017171818	30.126627693869274	30.095631699076954	30.205330651268273	30.141934474760028	30.144847834534477	30.127140556945392	30.08416746133583	30.100409379106473
30.101124609644085	30.184746802587355	30.141337708846812	30.181833557725607	30.12769495889407	30.098750104738563	30.208169233567205	30.14334779475513	30.14853408496921	30.127968539893352	30.08898663863424	30.10605982454671
30.10637742922737	30.18847086415172	30.141893958098187	30.182187538022895	30.128641626625413	30.100523830111403	30.209179941526546	30.147321045823457	30.14949908496038	30.13854893190834	30.08924345962167	30.110013410156512
30.107341466191777	30.193477041333423	30.144948394127802	30.18621945803246	30.13039636916805	30.103196254849976	30.209189464081845	30.147531363041157	30.153895171928962	30.13913150682319	30.092612830833446	30.110436361509468
30.109872858374867	30.194359848059637	30.145763688748033	30.187599271901878	30.131135752067376	30.107369834784404	30.214349495048808	30.1485933746873	30.154023942467628	30.145886022430506	30.09712078474427	30.111161887057662
30.113531197758867	30.20575243355707	30.1459774244084	30.189157543947903	30.13273313228747	30.10791459810823	30.21901881134328	30.149009311022077	30.156304375853576	30.1505431868117	30.099404399810773	30.119413152061462
30.12024278247959	30.20902097097051	30.14929715940678	30.195287212236032	30.137187101239522	30.11256106841315	30.226825096299486	30.150302587196013	30.16032195977843	30.152670141998975	30.109461863830738	30.124044783287964
30.121754787513055	30.209454819750057	30.1503316570815	30.199589225541207	30.138858156922637	30.116033117273396	30.227484472513034	30.15096705850013	30.161310624286735	30.157644400324866	30.11656590595968	30.125587986151743
30.123523057762146	30.209601256353796	30.155622802800252	30.200342429221653	30.14233640467304	30.116431436773283	30.228486153115632	30.15681582563636	30.16144679034631	30.15812419850084	30.118623582115045	30.12722949631123
30.126707312793805	30.213217242271178	30.157547003201916	30.212916033772398	30.143235323175126	30.12155384552744	30.228519592076786	30.162783256405675	30.16163435500534	30.162101900691944	30.119860173760628	30.127596839923683
30.13058497322844	30.21527818006	30.158958197627534	30.21508550634368	30.144178938445318	30.12601810017186	30.231837908431004	30.163105713556497	30.165495304428138	30.167075539829845	30.123068116166674	30.132711078205205
30.130896920017484	30.21885308918271	30.160712695288534	30.216952592172035	30.146027216658563	30.12652776040384	30.233113430348958	30.168052105907886	30.1664333628449	30.16768205778621	30.123965110698073	30.13480172922821
30.1334514245181	30.220822489349462	30.175013376569467	30.21840059245904	30.157555851316403	30.13602017304899	30.235206422256677	30.168525227334538	30.16983486546875	30.16902989190885	30.13246328844711	30.141160312094836
30.133796008892343	30.221996031110304	30.176151847600615	30.218643259103544	30.16600183287478	30.138326133998405	30.238126416093444	30.169304711997917	30.17153938424953	30.172356609669414	30.13336440111884	30.14756614644709
30.135804323491143	30.228013813524427	30.17848324157972	30.221398864008634	30.166586877665925	30.139323370461778	30.238127690815666	30.174304249832097	30.17344000862574	30.175237857483705	30.134498886627828	30.15472081870657
30.13703810014045	30.231842275250095	30.187837908071714	30.22179186651753	30.17240945442995	30.139861300013926	30.246587478697414	30.17450046261929	30.17456166849683	30.17530138188076	30.135826448560728	30.156569591871868
30.139550952798967	30.232120770207885	30.190103051348316	30.22292671271156	30.172534943691154	30.14379016838061	30.254327864825633	30.175903885152124	30.17813067483147	30.181483377623344	30.136266323917347	30.158581138346577
30.14087950404678	30.23262986615824	30.194582890034855	30.2244691040746	30.173200305670825	30.145129575899283	30.257298943069905	30.177455010720003	30.1785066767291	30.184313370346747	30.138567673608243	30.158656457703604
30.144325504770975	30.234090063041048	30.196107453810058	30.227005128527704	30.17806242299149	30.152805204034138	30.25942647509273	30.179311397202945	30.180256884690962	30.188476803662567	30.139046068292657	30.160886741391757
30.144895382782806	30.234106679393054	30.197608987277313	30.23005730981085	30.183851041588635	30.15620830121936	30.261609431100446	30.179755676888455	30.181665793486076	30.18850237194906	30.140072920187187	30.161145154999424
30.14735701759401	30.238391182001948	30.198375460257086	30.233525432577693	30.18643991196086	30.15775484937909	30.26216632133781	30.190891480484304	30.182799921715024	30.190837659749096	30.142897015241317	30.162603400854884
30.149015099912976	30.24204648425043	30.199363986168926	30.233615147798837	30.187601356550896	30.16036265792016	30.263972352607716	30.201832836754548	30.184331524970943	30.19535491729456	30.14470763839787	30.162853778939322
30.14995780904118	30.25041808765474	30.199462936366874	30.234275674497	30.1901693743577	30.163792495263703	30.278826461982156	30.20451385159613	30.185574652426403	30.197110303759175	30.146110282308367	30.165695086108933
30.152013775316277	30.251481183876244	30.199656079611223	30.237140160701763	30.191697901372567	30.165834845995036	30.280024100924603	30.207211411560735	30.18798496131018	30.198698946742624	30.147347475719563	30.171078459565614
30.152481615761445	30.25594373960964	30.204226500989527	30.237366785016533	30.192427988616714	30.165914983435506	30.282630473947044	30.208500414751107	30.18995677559263	30.20380519212594	30.15114518027596	30.172717953346957
30.157215679721908	30.26022074369761	30.2051610549777	30.241202631045066	30.200459678035443	30.166958500777604	30.284728412906567	30.212890730634385	30.191832586856908	30.20396103134613	30.15116061512714	30.17510286760262
30.1573657726517	30.26211812792624	30.207435561792835	30.243622344796734	30.207509885863644	30.170122380331737	30.286150794878736	30.2131542375653	30.19337592066106	30.217319058389304	30.152222579743103	30.183094865036303
30.16192763074919	30.263488805968862	30.209629599316468	30.24590446844336	30.211474515130405	30.1714720095571	30.286738159089104	30.21551203490974	30.19786102395521	30.2182417238991	30.154242368567424	30.185157288301813
30.166269089110596	30.2650133487079	30.210522929486004	30.24758760083511	30.21205212161557	30.179059437526607	30.28883845594282	30.217444086729582	30.19968658930626	30.218337847402495	30.16651914679631	30.186721992335432
30.168199859950683	30.265238550521754	30.213800226711477	30.25242162993449	30.2246450768411	30.179976027443004	30.293290457751105	30.2182586953582	30.200556886722254	30.22473265966713	30.167358043898677	30.193598562872197
30.17788517482061	30.26849946013329	30.214966223870505	30.254423745617885	30.227705240923502	30.18243804435609	30.29365808633269	30.21872660020223	30.200969422970047	30.2256324085311	30.16799020001878	30.198579477826534
30.178884192692802	30.27026604826555	30.217420560177672	30.26447616418002	30.228309922591247	30.183807364267864	30.29941681457349	30.22270166303179	30.203771394420496	30.237965629265585	30.17096465197921	30.199299706020362
30.181655134544528	30.270727176008435	30.218991771678997	30.265686234707744	30.231334652580877	30.185460375555387	30.30187951488986	30.223119263469933	30.20926403456152	30.24089666209567	30.176416367972116	30.200580952018807
30.185585896101443	30.271385171492803	30.219972339854618	30.26578553460627	30.23157709308433	30.18861358146686	30.306103022423674	30.229699829986618	30.212311971814074	30.241607119477507	30.178099067102877	30.20568608276687
30.188344736197685	30.27285452672666	30.22355822408559	30.275000453447323	30.233722461910606	30.19207307257061	30.309740765475887	30.230685264618227	30.213654272234425	30.242909707902875	30.180452826163933	30.209225109643583
30.190826199919123	30.273030138002593	30.223927344184954	30.27563590066372	30.236901003212438	30.194917923096366	30.31020699571069	30.231519896980096	30.214108902209304	30.24529362075846	30.181967200647744	30.21064812334341
30.195765897832036	30.27389925412041	30.224811327316814	30.277527432228332	30.239664717193243	30.195243077756086	30.310334011767008	30.23759609051131	30.223546249493484	30.249214057005933	30.18864399367464	30.21339075501377
30.199777058166827	30.27722865263554	30.22595162779314	30.277950408556425	30.240394268273793	30.202412182970853	30.313672829870818	30.239019144434796	30.223927344184954	30.250499999721608	30.193323988562515	30.214099032636287
30.20251164297327	30.27779811701181	30.227672812623453	30.278633035356496	30.2428278392293	30.213828517480298	30.31398972335262	30.239279802940683	30.226692407058547	30.25634434735641	30.193769312198715	30.217283858860622
30.206314205322236	30.277956816553704	30.22789421764216	30.2826063888934	30.243241898168385	30.21398385791352	30.314137337407118	30.248340122747145	30.228245357322052	30.257312751330943	30.194301561470034	30.224103827431104
30.207998855741845	30.279090348789147	30.22795272760054	30.284256671952352	30.24597508462262	30.216409310028908	30.314684175951854	30.249986788241827	30.22881454650176	30.258195379451806	30.1952697998951	30.225171741268518
30.209398764982495	30.281457137910795	30.229175167956193	30.293498565755463	30.246374088475246	30.221752334168723	30.32920366007906	30.251351842650465	30.23210902868364	30.266761254151703	30.196470092795977	30.227116577017842
30.21084384801862	30.281762925534796	30.230811595507383	30.29483590895095	30.247602995054983	30.22251209021162	30.32959897524378	30.263673160725492	30.234185472108233	30.266801101007847	30.2034362918262	30.22829101000442
30.214135346846476	30.28230919970533	30.23461282303186	30.297392567875	30.25235233740948	30.226882665265812	30.331621923441	30.264030976992615	30.23951438623586	30.269908925681484	30.203772750802955	30.229417226478382
30.217559217035596	30.284260776260567	30.236305927095827	30.297586296439402	30.254623778077207	30.226989695288474	30.336263956165283	30.265143511916076	30.241174705924987	30.270303667264837	30.205145720787414	30.232220551526208
30.218945918774182	30.289149128360606	30.246856767662514	30.298682492158036	30.254907788899885	30.230731839594345	30.33895791483023	30.26697111909735	30.249225721178874	30.271762643929794	30.20658353783577	30.23357256562693
30.225303838138576	30.292591103715168	30.24964483595408	30.298911611240733	30.25861668266692	30.23324404835264	30.33926467447095	30.276774834658855	30.250299912706687	30.274747588443955	30.209401717386566	30.234584095505102
30.225957287108905	30.293023039179452	30.25008909653102	30.299781194301314	30.25990416756992	30.23395917922677	30.342093549705012	30.27715593610555	30.253560813397968	30.27692390088473	30.211369478983706	30.244829957850847
30.227252063855083	30.300046317241964	30.257240384151572	30.302561644107172	30.260206256825033	30.235720768375117	30.345411752388554	30.27734946326479	30.25447163413844	30.279003754099186	30.214599967232004	30.248051719633846
30.228116751848578	30.30454283000094	30.257700121210974	30.30374925484717	30.262394305799255	30.235960678345403	30.34852895893526	30.279484108256277	30.257312751330943	30.28128498365211	30.216844191104855	30.251204169056482
30.229510495058246	30.3095503884264	30.257742566772382	30.304144954821467	30.26616513608946	30.237585146108643	30.348806827690616	30.28303765327285	30.260075700497772	30.282275142409656	30.221173692579047	30.258055836622074
30.233938764560868	30.311428257159264	30.26106435886743	30.305169723135847	30.27151357273862	30.24005834102794	30.350134383551925	30.283177174720485	30.26433953833229	30.283949341432894	30.22505201092673	30.26052485216992
30.236340304867447	30.314451747066336	30.263664324034668	30.30638519811604	30.271710550161536	30.240459992123572	30.350537525890097	30.285161424963437	30.270323444937006	30.286164397345328	30.228974087354672	30.26108387907088
30.236359964899023	30.31815803995618	30.26684647756673	30.309600454368073	30.272740842450098	30.241018122517232	30.351537944126868	30.286610087132683	30.27203422635398	30.29257405128717	30.23084255952362	30.26280542076831
30.237323882823986	30.31891657730452	30.268959961261224	30.313122581237252	30.27421970839632	30.243946083576482	30.354529906391704	30.289576802590304	30.272385619874854	30.29280662495284	30.240207760290627	30.265848903592442
30.238386297408972	30.32480655446043	30.270063910526392	30.317080325624424	30.275424015195807	30.24408175570764	30.357372676491337	30.296363088623245	30.2728285557681	30.293195424971007	30.24486337391933	30.265862209551184
30.23897822865708	30.332526338890826	30.270313285505384	30.318074553526156	30.2762501758139	30.245875257130514	30.363144333145144	30.2968911314363	30.274600413855502	30.29910866896161	30.248190678463978	30.266471011831758
30.240974064749608	30.33354715852589	30.27173105933918	30.318385208989262	30.27715753594787	30.24857869911535	30.36808008344118	30.297722457616274	30.274889108081926	30.30076810033033	30.248266770264337	30.267007256702158
30.241709134479077	30.33465336147092	30.27620160258783	30.32183782679578	30.280414222296702	30.25770440550603	30.372216243254492	30.300532194965275	30.2754594749483	30.30180718033481	30.250579354288266	30.268455141455906
30.241807144406657	30.335673250493848	30.276413388549273	30.331367899948482	30.281555473829428	30.257960008101502	30.372231293572256	30.30096452544657	30.279138826921866	30.30736834674724	30.251419266200152	30.27099902748004
30.24411223100474	30.335922051222862	30.27709182444213	30.339522533408644	30.285507232476615	30.258098240296686	30.372578447036155	30.30136340104019	30.290907846600877	30.307743552097644	30.2555575463514	30.276821584422898
30.25961684913586	30.33751129533011	30.27912529630718	30.34122706683593	30.28967645609893	30.265869185917104	30.373371762981716	30.302320505245035	30.299303836214218	30.313050844721324	30.256581282618868	30.27693358893919
30.261254090669375	30.341931861044998	30.27933778795202	30.341247229404196	30.294224321991425	30.267617633103157	30.377494474848397	30.305493236931618	30.3004754261993	30.31527339525931	30.2601466238652	30.277375360039485
30.264716680506837	30.343160814075702	30.280983571889735	30.341592214189923	30.29573522711444	30.26865330823145	30.382870811388862	30.306411499794184	30.300789146484092	30.31686700354478	30.261931507733088	30.278811835986478
30.266365789873337	30.345264807654193	30.2869482738402	30.343440255133146	30.299902645316052	30.268772535073396	30.386456452271524	30.306603062776567	30.30208859998414	30.31863963099564	30.262804286638623	30.285980155281173
30.269924495628512	30.348736373334916	30.287649617031295	30.343743599253074	30.306630494229875	30.27520698456817	30.40709367057629	30.308256494631173	30.30467751191716	30.321479618034452	30.264886664432122	30.287813904121315
30.273329744388406	30.35553985139407	30.289861773006553	30.347902508357073	30.30794451289296	30.277594866423076	30.40806145916442	30.309004299616184	30.308348264644916	30.32253719140216	30.26597972914956	30.289349584247443
30.274918779775845	30.355705893442003	30.289869132242977	30.350980332838507	30.30842223523686	30.27927395979528	30.409261005316154	30.309315636798807	30.31270612304067	30.324556938629193	30.26618462198545	30.29471833913191
30.277685982084282	30.35816204032983	30.29608013647263	30.35137567914822	30.309501614018576	30.283857642140116	30.410284233203328	30.311038746684872	30.320687411665073	30.327073871847563	30.267511602684223	30.30061336494923
30.279271649831223	30.362448445202915	30.296184033256917	30.35358874728958	30.31120743861227	30.286189390584198	30.411225419106437	30.316345983546334	30.32542843968998	30.331280900156983	30.267866157401443	30.30413726522222
30.287204592482965	30.36687757324959	30.302707405478845	30.353987893280625	30.31152504883222	30.289004048055908	30.415015274261968	30.32029833889095	30.328781895703642	30.338167198042875	30.269589149279984	30.304540562736314
30.290146116627362	30.368519182487006	30.31430888182605	30.354218049983615	30.313551066762123	30.295387824437668	30.416491657309358	30.331987646028796	30.329265511219038	30.345545239617017	30.27223502591728	30.305041357572087
30.29704679977886	30.37106970567825	30.31675811241552	30.358012919934648	30.313959748475245	30.296426197547344	30.425569454196214	30.334627628686796	30.329356737469812	30.34564991669697	30.273413105019277	30.31074101814183
30.30047080177236	30.373115181007798	30.321859502306168	30.359391192449753	30.314383158302967	30.29694824228706	30.425975169452386	30.33969868008178	30.3305293245518	30.345942925801086	30.276115871015207	30.31306503344809
30.304216856248644	30.37570001071881	30.322233197337038	30.360912562739117	30.325091908008655	30.30188688613265	30.4290540921477	30.341857308267198	30.33554065799549	30.346562800988625	30.277372842388544	30.321710881527885
30.30485017628108	30.376433651237328	30.322718314081072	30.361314045427648	30.327020566005174	30.302120139694278	30.430873166016717	30.347459623764777	30.33692496322971	30.348150247041836	30.281011600769506	30.32246883255193
30.31001512172757	30.37909987519576	30.324795148334395	30.364202803999923	30.32755877911511	30.302664123138797	30.431503602658918	30.348097264395047	30.33841430115055	30.34918474570716	30.284547215215998	30.32262413941136
30.325546134293973	30.3812117147314	30.33102180992468	30.3644563928872	30.32937744621034	30.30549952227918	30.431884874091015	30.349869881890683	30.340961745073592	30.351180479362515	30.288575642955582	30.327024747243065
30.326602600266465	30.387345050162466	30.332053234338787	30.366892286563736	30.33098170464364	30.30895427848153	30.444139529616535	30.350305584537512	30.342352267617166	30.35507806637264	30.289023018177645	30.330549143210018
30.32761946797809	30.388841140199283	30.33490274861952	30.367295652144072	30.334071493621206	30.310506621030395	30.446212021190025	30.352326116529742	30.34652439623312	30.35984877403834	30.290741105179105	30.33105823402381
30.327690281459954	30.38952580910714	30.33639789767731	30.36882804334149	30.336081499739574	30.32001137467322	30.44822794402546	30.352954173243017	30.34814087022945	30.36093307201185	30.292680865907304	30.333567917496026
30.330513824650083	30.39017214415062	30.340286043389295	30.3690675202375	30.340069291352968	30.322111048421622	30.454456136966353	30.356815235703227	30.348176707430024	30.363336782788682	30.29412450637093	30.335439611898018
30.331839751585093	30.390722924482965	30.340701952703125	30.371076910237758	30.340211159566074	30.32391604749137	30.454895447861098	30.356910118767566	30.351154129265918	30.36706823548479	30.295737615258112	30.338210152656153
30.335680399610553	30.391772407681174	30.340842703091663	30.372140953375684	30.34039892196214	30.324632882270784	30.455423360289835	30.35770385782626	30.359222827525386	30.369849001290337	30.296555292291576	30.35461604366712
30.33641244002776	30.393613884262614	30.341934647498228	30.373100678933675	30.342606027524802	30.324819305174135	30.4554994393376	30.35803309581372	30.359756855251455	30.370310065361124	30.30114264770376	30.35505724980814
30.33922165836192	30.39594102946395	30.34303180834312	30.377454128434046	30.34475480076084	30.328267096178188	30.459407771757366	30.359766442026455	30.361749491525686	30.37410373459162	30.30166729218965	30.35527646003687
30.34058341253298	30.39772921814866	30.343589081566	30.379833508433222	30.345860216586882	30.330015325656266	30.46182128214704	30.360282277231526	30.362802356078188	30.378020396577245	30.303035936284964	30.357959915736384
30.343850502946637	30.398638781204536	30.359009283349433	30.387750744446606	30.346064030068042	30.331987107158017	30.463922776806175	30.36052476247103	30.363113792906653	30.37946439131661	30.30781765768336	30.36205729128303
30.344615908424586	30.398987139327012	30.35980403185873	30.389686449623298	30.346396734708485	30.333806260939152	30.473034330588064	30.360575006908384	30.363145320381058	30.384177555968236	30.30859393342851	30.366754367573698
30.344936932225863	30.401884836594547	30.36279196967334	30.390256779548462	30.356406821288033	30.33987016940348	30.47378341644483	30.365552389171505	30.368197108755624	30.384336683342273	30.311028376391242	30.36733573686202
30.352420999463618	30.405007388057168	30.363131838449753	30.39447697154482	30.356678848390324	30.341357632756413	30.475736682224124	30.36563477580986	30.369403870736615	30.38588906708086	30.314578027976086	30.370917525121783
30.35351332857517	30.407334077927725	30.364310133115247	30.39684000257786	30.360153466627445	30.341643244338357	30.479153603185182	30.365807517050964	30.37073041291437	30.386216897138798	30.31856882032547	30.37184482852927
30.358197740591812	30.408393782043852	30.36666453803083	30.3978104095335	30.362926930648044	30.343954624415794	30.483285232571912	30.365849636721183	30.373682322877986	30.3963481941224	30.321072830968877	30.372521897267248
30.360520904009242	30.411062756667093	30.36688662452046	30.397890849294754	30.3633608954234	30.34660974751369	30.483477433137544	30.36664037861763	30.37584640977584	30.396850000649245	30.330127882560884	30.37314630361322
30.365736795238057	30.41124739134089	30.366949618550983	30.40073114472433	30.36370408026891	30.34875977925634	30.487832029792532	30.367794020688578	30.379777331405887	30.396968332891262	30.33028175976956	30.374598350384872
30.37054996392292	30.413129336404644	30.370410662251484	30.4056003614034	30.36379882259826	30.355589153500055	30.490219948468983	30.37092973550369	30.382244015363987	30.40254825885563	30.332954069409624	30.379419022983058
30.37222551427466	30.42629622798393	30.37114396503309	30.40592216519226	30.37119207483905	30.360246515297224	30.492238846845392	30.372390282990576	30.383495788779094	30.402865121449704	30.335768299525206	30.379690628587664
30.375042504064126	30.429803609416794	30.371678277443696	30.407041357098233	30.375034376204855	30.36252007428928	30.493777047984377	30.37674820450288	30.38395220641992	30.407877109506853	30.336154648805508	30.38184156883432
30.37979416041194	30.431069574205697	30.37391998377661	30.40890970851359	30.37550350528217	30.3642367824177	30.495141335857472	30.377433646145704	30.384398721744176	30.4084462647482	30.35071176464286	30.38263961016839
30.382218224136082	30.437055272932135	30.374067122870944	30.409129826843127	30.375848517502423	30.365918564137353	30.495645056423243	30.388331923356915	30.394642800525844	30.411159719889877	30.355145034324416	30.382854451127056
30.384686235324605	30.443087150857007	30.37485654367732	30.411074192068213	30.37628068848103	30.368593798824964	30.496603171544905	30.392237824672456	30.417011906602774	30.411377895988565	30.358771923844483	30.38945503176069
30.384852418233606	30.446766840840596	30.37960023559469	30.412001017278183	30.379735396674196	30.37103285139125	30.499655215998327	30.39371102452052	30.417265889383817	30.41449777814222	30.359373301694372	30.390159255558565
30.38567405165942	30.448509473564243	30.38074940066074	30.415074658300725	30.38362742401062	30.371963569618426	30.499682453569523	30.396032578096335	30.41997446609698	30.42532001637529	30.359528700199334	30.396977073848284
30.388852367737478	30.449098428356276	30.382439683152374	30.419657724144777	30.385396953949453	30.374596054367476	30.506873557367122	30.397051172222362	30.425378598878382	30.426064157571872	30.371183364073566	30.39765712669142
30.389621960231874	30.4499736600904	30.387378564219933	30.42459342263784	30.38612477512471	30.381800182462797	30.50792105708941	30.401009728000833	30.426170881477887	30.426097445085993	30.372272725521036	30.40377127590807
30.39130203091269	30.45453991016885	30.389435157203494	30.426614972321786	30.391232377387496	30.383952917608994	30.507996470394843	30.404606224186114	30.431727389831465	30.42672017231512	30.373227912867556	30.409671457944672
30.392074161249237	30.457778915179322	30.394441471251525	30.42867155121217	30.39219173248151	30.405608364932256	30.508042007244896	30.40583668720639	30.43558537182782	30.42837005493743	30.37337627845587	30.411442037246097
30.397510492500352	30.458507710910418	30.395318089007986	30.43337745085859	30.392958214377405	30.406205572570435	30.50858087619989	30.40665469587664	30.43621493473662	30.430604968220578	30.37789764909157	30.41694918006185
30.39775679107266	30.46097549663313	30.398210089927723	30.44740162000851	30.404568768298326	30.40627426078849	30.51450950768692	30.409820915314697	30.437886412597166	30.43254033623741	30.378645872215017	30.41840708051001
30.39790095895195	30.463127636134278	30.39895332935513	30.449300639106013	30.407383532374034	30.406843146498463	30.517500134897773	30.413290407423197	30.440110783525046	30.436711904160386	30.38303287652906	30.422566634782406
30.397999764577456	30.465707709701906	30.402091134376544	30.450620149090778	30.41005517105731	30.412529445607074	30.520577973858487	30.415694882041382	30.441374780879894	30.437276391087025	30.384414642019433	30.424378514481596
30.401240342461332	30.46689528561691	30.403618081024657	30.462069860076497	30.410566942048078	30.41416257809677	30.522355700510104	30.418311173757047	30.44391471991211	30.44913070731983	30.38642546797079	30.42489444937636
30.408475557739102	30.467840215402592	30.40785588745619	30.4628675847515	30.41200840613972	30.414604822148558	30.522890974155256	30.421520388899083	30.44626951357504	30.456269560729005	30.38883708683863	30.428256737775747
30.40851431003885	30.470399176496123	30.408131625836592	30.463251274817992	30.413254278526253	30.417479707032456	30.524988759901984	30.422902184098685	30.44784180760299	30.462274632549065	30.391612656432926	30.43172513130226
30.409344641916206	30.47246747844685	30.410274759869438	30.463600744434682	30.417193533719182	30.418772191540107	30.52691950839381	30.423183588291245	30.44857440084386	30.46336486715348	30.39272995297246	30.436219263181574
30.41050266290024	30.48210976273635	30.41221659993472	30.466429376865882	30.421684648245463	30.419182233215338	30.530087933802317	30.426625948215722	30.448803322937223	30.46428890858025	30.393825847910307	30.439106173603037
30.41232664342381	30.48978411595061	30.41280486132205	30.466559649372662	30.421973225679476	30.42035240423282	30.53297560279563	30.426649513680804	30.450513100060704	30.464297654850846	30.395852890298073	30.44199572457285
30.41508661598219	30.49403454995518	30.41388749199024	30.470670518484134	30.422961242001357	30.4204487122569	30.534694113260436	30.427819711313862	30.455160269951442	30.464780668555566	30.399247846457442	30.444589744612337
30.41555302704454	30.496306656333513	30.41588343523193	30.470765073082795	30.423400395737783	30.42048482082091	30.53912776053658	30.427863202297583	30.457147428067252	30.4662053066854	30.405420242456888	30.445924461381768
30.416300979725793	30.499148613482557	30.41818072238935	30.475981587373546	30.42784874033358	30.424005471532062	30.539313877673287	30.428320961487138	30.4572139358163	30.470848750311575	30.406533287649086	30.44766139586376
30.42169207745066	30.500382980419154	30.421941709342896	30.479039582839132	30.429246664613604	30.42696842674815	30.54052466225798	30.42835690402602	30.462399731070153	30.471672972084374	30.408950986103996	30.45408013056194
30.42511858726118	30.505150778383005	30.422214932958177	30.480778068049382	30.429568146901794	30.427641184029294	30.541503977525288	30.430163582841672	30.467286621398422	30.472463359315924	30.411624626130084	30.455973383797296
30.434587349360918	30.509487086854705	30.425401896433126	30.48569025664805	30.43126745505366	30.42890752209256	30.541608608473904	30.432179278896676	30.472047234621694	30.475603891180516	30.41845802361133	30.45708503068238
30.43562720823357	30.523506239015607	30.429291651170495	30.486295854528347	30.432113987863517	30.43058098231191	30.542120216688538	30.433796172316306	30.474240195649493	30.482523191870236	30.41909906529666	30.46157895634148
30.437676616954384	30.52403434296513	30.433140811361177	30.486318372938037	30.435774892473066	30.433286185861498	30.54415034403553	30.436947147904547	30.475527265371937	30.484148830263024	30.420932547222286	30.465061153228262
30.440198515017222	30.524313090560334	30.435317210521717	30.488409649482087	30.440079643391527	30.434984714805406	30.55810778702366	30.43957725992007	30.477457241412075	30.486531837533963	30.424603284288732	30.46747921430633
30.444961064186028	30.527610484205283	30.4357468940959	30.491141340136934	30.440295336149916	30.439070287248526	30.560144174846105	30.439624863441075	30.480329680813043	30.487359602581297	30.429541707120798	30.468142268210045
30.45094242208376	30.528872700499516	30.437066729754513	30.493280018098783	30.440934618703277	30.446230113082045	30.56017100422851	30.441969933429412	30.48160097581711	30.491035327861532	30.42991137044136	30.472927646075487
30.453958935636077	30.53075166523918	30.439794566445528	30.49403750987404	30.45183390315508	30.446585428481264	30.56569062946949	30.442266027284006	30.481895370650385	30.493416706450255	30.431115499457842	30.47482945847632
30.45562097568621	30.533419918569095	30.441717700753614	30.495495206441184	30.452298662838086	30.448260805140777	30.57062633987856	30.449961138121076	30.483304735931895	30.493767798128328	30.431198219171662	30.477993790613368
30.45596473485954	30.534136818663683	30.444703863797912	30.49633022653179	30.452542533726255	30.454516992624704	30.574316556341884	30.453617811608805	30.48379750429854	30.49397972284701	30.43164765584215	30.488655825848276
30.45729528381606	30.53763419274949	30.446691812126225	30.496896209403385	30.453980473629255	30.454541895010635	30.57539188155616	30.460286822063004	30.484703647771944	30.494734611371648	30.432328809943154	30.493714689895235
30.461669984011145	30.53979119825292	30.449822878723776	30.502115568509545	30.454448602979408	30.45579812895114	30.575717008950782	30.464287134699497	30.486200470829992	30.50109675701714	30.43418654858386	30.493983040176076
30.461961330822888	30.539925256501853	30.450219060483743	30.507116279933314	30.459266495302487	30.461786120034418	30.575801575009546	30.46870228428341	30.48657699007498	30.50126978001513	30.436169134226702	30.49832993300785
30.46789115660474	30.54031062208921	30.450763511247438	30.509814414924232	30.473543421692597	30.463495189579046	30.582105216660572	30.469156803369096	30.489725812547242	30.50128441329951	30.43707172014224	30.49983194634156
30.470785390075523	30.542875847975793	30.454461967063363	30.51202810646964	30.474430460622454	30.46411557605698	30.58455927202496	30.469531768825483	30.491147958357438	30.501791199418257	30.438825789285193	30.50187794936562
30.477995755888546	30.54822351560558	30.459606668583614	30.512325339559265	30.477884037793896	30.47109096467737	30.58506874943064	30.47573566729966	30.491501857838095	30.51056550730095	30.439458635447135	30.5049126015297
30.480991011810588	30.549408774449578	30.46061671735529	30.51501521810822	30.480711070878787	30.471795498284834	30.587255063763497	30.478982084234993	30.49303861024961	30.513987577426036	30.439749023073965	30.507144885449392
30.481109891488188	30.552592697671948	30.46297637825231	30.518279292642873	30.48300835328141	30.47343299443677	30.588365091247557	30.48120327640883	30.49343584375315	30.514361145868207	30.440065548318422	30.507329381857005
30.48352218405124	30.55659222110397	30.46349518957905	30.518958071616414	30.483605222139154	30.474713199489045	30.588569511227515	30.48375050338759	30.50282336657821	30.517039702852482	30.440619295395482	30.508304216893087
30.483775148729208	30.55822031955468	30.46373878060862	30.52200411312016	30.48378913006495	30.475400649404065	30.591623135392577	30.490057312272672	30.503367904633237	30.517431509212766	30.44099738196047	30.508658951529664
30.48580173668232	30.55843030432008	30.465618503039273	30.523263943480003	30.48665530024795	30.48040536835959	30.59474752614873	30.49499826941892	30.503475667106237	30.52171217735259	30.445144932934458	30.508936627000903
30.492512082002946	30.55905840441271	30.466381900508697	30.526927533543443	30.48764538678301	30.482513720302915	30.59518771270198	30.496842783071152	30.505363926239554	30.521743419561528	30.448464179226058	30.510984821560115
30.500254725598165	30.56168372513775	30.467348026399254	30.527631585923338	30.49192117740236	30.4850770788205	30.59536894529897	30.50095542414099	30.506026987583315	30.522058149278273	30.453777892992875	30.516989446848587
30.5015623117421	30.56657995161149	30.467906765836332	30.52937191815267	30.494620277367446	30.48543369269324	30.595389166784948	30.503706818622092	30.519187713082978	30.523641919675743	30.45479896635738	30.51876660083544
30.50357914930673	30.567357577413325	30.478839869920854	30.53875873707772	30.494809103566382	30.486971569590196	30.59752135592204	30.50411606375726	30.52799659018612	30.524940750747724	30.456864654094502	30.519383652835337
30.508319262351435	30.570686878169923	30.47910926971926	30.54481651406114	30.49522971671749	30.488206472405587	30.605936445182035	30.50998675798759	30.53012636079226	30.535643273727104	30.460573996552704	30.51989709628747
30.51625359806762	30.572298153572095	30.48458280572467	30.550520437426126	30.49917052890191	30.48907232499505	30.605965423045113	30.51144179225912	30.532081896054713	30.538135087979953	30.460902035545725	30.522119601717332
30.517648691463155	30.572846784092995	30.485564975561616	30.553491611865944	30.49937644109294	30.48990348792355	30.61304175974804	30.518310317215498	30.532304159875835	30.549438406196792	30.462690232104787	30.525235176039672
30.519453225210576	30.577917267543604	30.488816049988564	30.55764632150088	30.499957048506953	30.494606092172102	30.61451626946648	30.528785497298955	30.53278397387257	30.55141020565545	30.466210712004504	30.528281065747876
30.52336377294661	30.580954723610397	30.491577470086565	30.559802681808126	30.5016883445532	30.494677224540446	30.615067667222604	30.53368781791601	30.533519838499632	30.556497318895275	30.469922816315858	30.530085676607648
30.523433482928723	30.58199545048345	30.4921616638698	30.564579645879807	30.501854943258685	30.499936513198932	30.621471288494725	30.534070907736034	30.535982643772115	30.559866589931286	30.471753980950538	30.53817943783726
30.525430578223315	30.58335327761694	30.492402487893237	30.568685485324096	30.51296049149043	30.50320087983427	30.627335556456767	30.53477603931103	30.536961829955594	30.560160476603777	30.47532664489642	30.54528532825152
30.525943080357674	30.584217012844206	30.492599182131357	30.569424667371834	30.530665226194717	30.508151223336935	30.639874080754325	30.53512519886202	30.540074661476844	30.56180188696267	30.48234507674823	30.549746517292334
30.52655896522773	30.587611687673693	30.492788365747145	30.57162097002123	30.531920404914143	30.50924871106816	30.646686842655075	30.535323727816998	30.54139634800197	30.563680310523157	30.482351342016422	30.55212774614288
30.531498701689692	30.588023548230993	30.49377022972291	30.57499159468506	30.53501757865894	30.5093108101414	30.648711884363586	30.538348413861776	30.542679545377638	30.56489597281214	30.485654949277276	30.552835331833208
30.532257340107062	30.58905352489861	30.500848393297936	30.578307839063392	30.53608245342147	30.515976999214164	30.649250716961255	30.53878811125942	30.543131111730666	30.56649973176913	30.485722865564753	30.55302275368239
30.533365897825743	30.58963700658759	30.501095020423364	30.580336898834247	30.53673255504949	30.51958489878113	30.650690623786044	30.538806421009156	30.543143694645078	30.568280692709774	30.48607639573894	30.559217337090423
30.5339308077183	30.59913629282433	30.505090266566036	30.580508460671243	30.54066554431003	30.520393380388462	30.652790410811907	30.540486626558447	30.543588685716042	30.570464557328407	30.488559299740054	30.563298339644966
30.53633888855814	30.60013844214479	30.508241004217524	30.58270864602649	30.545871485215173	30.52116982347128	30.653549789091052	30.540791669944284	30.544608452232275	30.574177819530213	30.488968739611813	30.566174290312198
30.537726894328856	30.60521348221964	30.509338299432137	30.589428899029006	30.550739254384933	30.52348454277722	30.654992139554167	30.54247288616864	30.55401886798669	30.57436164495541	30.490158835050547	30.568525469382923
30.540166257443357	30.60789965196295	30.51042802132164	30.59109673704966	30.553202516254572	30.526818010698083	30.657716763521705	30.54266858745879	30.554710809918966	30.576040146384976	30.491462268016008	30.570435195833923
30.550338614856727	30.615581280977736	30.51057920639186	30.59186214636945	30.55386755754764	30.527954402528195	30.660274309875795	30.542699887536422	30.55482236285527	30.576995541253766	30.491685086395698	30.572206289857917
30.550946615811796	30.615661836272352	30.51250755701062	30.592422913788063	30.554212916356573	30.528058063357772	30.661902718311627	30.543107907805158	30.565345049616152	30.582960340744147	30.495087019692406	30.57359965780237
30.551139075486176	30.616451254804055	30.515122275830755	30.595186558492145	30.55558783265176	30.530418637782688	30.665209543909718	30.54556530529934	30.570175654644434	30.591123322781073	30.4965536423352	30.5744664291757
30.552305980553932	30.616638520499418	30.518057670249497	30.596224330236776	30.55899734677019	30.53116861729272	30.665984678836413	30.550006220281823	30.571131383309336	30.591937993693385	30.506473701649053	30.581423682229833
30.55411100574612	30.617265761525168	30.518209232066447	30.596311586447626	30.56597473730745	30.531963586459362	30.668701718579026	30.552225574123405	30.571602878897217	30.599089950530793	30.50793173913922	30.58164161467305
30.557209879209932	30.622568036486438	30.51996113787613	30.597378691038884	30.56735694021682	30.532069077115835	30.66920518865549	30.557281149123074	30.57216116446797	30.599244905926717	30.511600305252426	30.58214184255238
30.559105964262958	30.626494859636935	30.52244550196063	30.597682053810015	30.569365440561146	30.532075187769994	30.669715091417185	30.56396274794999	30.579928190842395	30.60011858630302	30.5121644447031	30.584226264061233
30.562332083967874	30.628798797448816	30.52807412590435	30.59831713749553	30.570158948756735	30.53700399132918	30.673797441816816	30.564296372302927	30.580140200948097	30.600335172574987	30.514119555781136	30.585553018880272
30.562998656962474	30.634172060011604	30.52824016384247	30.599117159397213	30.57211674007653	30.53826185947282	30.674250879696274	30.566504167077042	30.581270854321332	30.603676235038606	30.516035411737576	30.585659882546466
30.56670805018573	30.637976470806958	30.531947782928782	30.60069096517127	30.579283501989835		30.674260636482476	30.569075062807013	30.58179690397225	30.60641234290071	30.516270391448053	30.58680466086468
30.567975835964177	30.646918966928723	30.535638037770504	30.603218594561092	30.579672141086377		30.67438985202729	30.571494868638453	30.584195300378255	30.613393946355114	30.516784340875518	30.587738100715274
30.571624480721606	30.649607715067575	30.55123046277322	30.60401529711149	30.580346891187396		30.674408997125795	30.57175047803574	30.58419553973369	30.616576512406343	30.516828716915487	30.59026204286153
30.574019786135892	30.650798946402436		30.60456913353801	30.580449610756833		30.67569383323055	30.575118640063685	30.585429419496634		30.518838233464376	30.590282995698182
30.57437575976866			30.6047383641414	30.581510803722644		30.677125624984345	30.577532706464137			30.519212294634755	30.591065438687583
30.57443976616555			30.61313494809469	30.581856872760476		30.681148466032404	30.579501785521316			30.524046731501837	30.59145423176995
30.57587995364085			30.615646800584948	30.587883943110956		30.688183501594864	30.580819093499365				
30.576307865697544							30.58292916604723				
