4g_2s_0.1m_0.01r_x174	4g_2s_0.1m_0.1r_x300	4g_2s_0m_0.01r_x300	3g_2s_0.1m_0.01r_x192	2g_2s_0.1m_0.01r_x235	4g_1s_0.1m_0.01r_x134	4g_2s_0.2m_0.01r_x300	4g_8s_0.1m_0.01r_x172	4g_4s_0.1m_0.01r_x176	5g_2s_0.1m_0.01r_x128	1g_2s_0.1m_0.01r_x299	4g_2s_0.1m_0.01r_x300	4g_8s_0.1m_0.01r_x172	4g_3s_0.1m_0.01r_x174
29.28243911194675	29.30138663465177	29.28243911194675	29.282439111946747	29.282439111946747	29.28243911194675	29.282439111946747	29.282439111946747	29.30138663465177	29.35415596634833	29.282439111946747	29.28243911194675	29.282439111946747	29.282531691960408
29.335931956855013	29.350764507211686	29.282439111946747	29.335892410218282	29.350764507211693	29.301479214665427	29.28243911194675	29.301386634651774	29.352991098111602	29.35984373432985	29.35415596634833	29.282439111946747	29.282531691960408	29.30138663465177
29.350764507211693	29.3570196399109	29.350764507211693	29.35166678127719	29.359942132680782	29.354155545605018	29.350764507211686	29.354155545605018	29.354127214347656	29.36864537758818	29.359942132680782	29.350764507211693	29.350764507211693	29.350764507211686
29.354155545605018	29.371001286531957	29.354155545605018	29.3592462308108	29.408802965942215	29.366264112221273	29.35166678127719	29.3570196399109	29.356382557248242	29.389808867512002	29.368645377588177	29.350764507211686	29.359942132680782	29.35166678127719
29.359942132680782	29.37439232492528	29.359942132680782	29.368490703121186	29.41719313191645	29.37436399366792	29.37717638662738	29.362070325229762	29.368737957601834	29.395492086131995	29.382713627803035	29.35415596634833	29.37693711128707	29.37717638662738
29.38911296564202	29.37717638662738	29.37436399366792	29.3837880668835	29.435925479044897	29.377256419231163	29.38911296564202	29.382713627803035	29.37693711128707	29.450424036504657	29.38911296564202	29.376937111287074	29.37717638662738	29.389695506930092
29.395492086132	29.398357437952406	29.376937111287074	29.389710469161066	29.45032563815372	29.389808867512002	29.39887873569056	29.399930196239502	29.377256419231163	29.457530918786166	29.397009974299756	29.39887873569056	29.400022776253152	29.395492086132
29.395492086131995	29.398357437952402	29.394185879880798	29.395492086132	29.462230187407894	29.401412448585024	29.407635748444058	29.433061384739023	29.378641956370295	29.45923065131001	29.406157276048035	29.399930196239502	29.40850869120151	29.397009974299756
29.409445370916266	29.39932546244105	29.39793786670789	29.39816700613099	29.489789519638236	29.407635748444058	29.407635748444058	29.45987446733898	29.389808867512002	29.472570140024146	29.408508691201515	29.401349889026267	29.439270296003315	29.40850869120151
29.440492999300563	29.403123391375782	29.40141244858502	29.40343035219118	29.50429338864076	29.410964882306246	29.40883219604703	29.460321225580078	29.39454505464576	29.491605126512788	29.415585886863525	29.407728328457715	29.439947975724508	29.440492999300567
29.452997014621317	29.40342458614362	29.405349982275688	29.452997014621317	29.51334784474431	29.50261978907976	29.411504943191616	29.46107772493294	29.39613084705249	29.492222938702515	29.44516995135528	29.411717928763487	29.44516995135528	29.44516995135528
29.456746016045145	29.42883887139906	29.407635748444058	29.456545236333632	29.51899475463279	29.514474425042046	29.41729153026738	29.471032006161987	29.411504943191616	29.492836663412778	29.47841646878466	29.41436903749749	29.461319399604918	29.459441029364783
29.461558674945227	29.45032563815372	29.42518729925364	29.463807982854217	29.54004044018076	29.529259084152656	29.421921613416224	29.479194554004344	29.4488678769799	29.498828598383604	29.49121747734701	29.421399840216566	29.462258518665255	29.461558674945227
29.468045105741023	29.450424036504657	29.447501543734774	29.473170347835893	29.546966579871036	29.53655877259951	29.42883887139906	29.486744929430532	29.44919244803489	29.523756052153452	29.49910603668592	29.42883887139906	29.4690055287754	29.462230187407894
29.468462462135076	29.4562503328162	29.457530918786162	29.478655744124964	29.56075956911112	29.544845990826246	29.440492999300567	29.52877905787541	29.457530918786166	29.52471734101626	29.515400406668036	29.4428704684944	29.469005528775398	29.46638098546068
29.515400406668036	29.459441029364783	29.459804675223264	29.490260141764715	29.571132846409075	29.546688477282693	29.44499866104338	29.534018097343637	29.462230187407894	29.525501579388305	29.527457083744913	29.447501543734774	29.47929295235528	29.469005528775398
29.54004044018076	29.461558674945227	29.461319399604918	29.49197392342976	29.579963986806746	29.559264797580088	29.460968126844296	29.537482556319222	29.462920978957232	29.53060709553993	29.534018097343637	29.45032563815372	29.500216033246357	29.472137236371914
29.5441322055385	29.467666099020345	29.462001821263385	29.504783685487325	29.59955232852385	29.564210960234288	29.463224628359043	29.55265729271398	29.463224628359043	29.534018097343637	29.54319283285814	29.457530918786162	29.518162389514316	29.47841646878466
29.544845990826246	29.46919328192342	29.462258518665248	29.508932919459063	29.60174390371975	29.566259457275056	29.463594241871313	29.555353267977516	29.46388747345296	29.541963407904728	29.54352052963978	29.457835480203855	29.524428055770976	29.488254633013025
29.54505521585746	29.47756170067006	29.469825243971044	29.51481222849425	29.60268108115544	29.571114351245736	29.467127106783487	29.559807306119254	29.471032006161987	29.545648769901995	29.564389006988172	29.46565931433143	29.53321833562266	29.533662924139268
29.545467768973502	29.47841646878466	29.472617081270375	29.51806731276325	29.60278137562628	29.589208459117124	29.470011325243878	29.572753855216497	29.472051834870953	29.54585535851389	29.566493171031073	29.466473565474345	29.538035796862005	29.543838103220388
29.54839169271366	29.489671475725736	29.474367085281507	29.531314678661403	29.605916265213537	29.589534046335647	29.48376146976967	29.588417215151754	29.47994621451015	29.555356512482895	29.57414447326022	29.47573656558734	29.544845990826246	29.558855568320805
29.550059237605016	29.493262044500266	29.49923179724547	29.53648398912862	29.60798147348155	29.601451913705365	29.496142599534714	29.589340990501015	29.496837701241237	29.559511255165248	29.575110488124068	29.47841646878466	29.548678011363393	29.559192565605006
29.57113284640908	29.49714266327677	29.512039215462103	29.537434511943168	29.61420763194762	29.602406965650474	29.504767722032504	29.605364844659665	29.52810810899117	29.564555182203396	29.57765150426248	29.481927000316084	29.55265729271398	29.58304273245687
29.575854749835134	29.498828598383604	29.512299238037556	29.546503894293732	29.622561449073917	29.605388464777565	29.51127980965349	29.615104588220227	29.542111622371614	29.57113284640908	29.57846108844786	29.504882083838254	29.56933666356285	29.593766012719044
29.582228933256417	29.499144999693936	29.512299238037563	29.553511392252496	29.623950306425694	29.607518943603118	29.512299238037556	29.616676435295926	29.54428627029648	29.578461088447852	29.58681886107959	29.512299238037556	29.572136856459558	29.598085423092765
29.58280345711657	29.521287140959515	29.532174843319343	29.566259457275056	29.62538930142203	29.60893001219076	29.525345658445605	29.616812522518927	29.555353267977516	29.584771242405346	29.595277504709728	29.526222908648784	29.580818033427267	29.59836145398534
29.58643669314153	29.528426421464477	29.534018097343637	29.57144435525544	29.630627005911364	29.61188084738894	29.52810810899117	29.618662415000102	29.559192565605006	29.590068894715362	29.59872648994641	29.52810810899117	29.58325246138823	29.599756799159955
29.598952807542858	29.531545959648245	29.535462375772404	29.57590394780396	29.641387317012878	29.613093570496684	29.530542102760847	29.623088410377797	29.57846108844786	29.59828693708744	29.608586395315054	29.531545959648245	29.589966233589355	29.605916265213537
29.600451968965615	29.541422093201383	29.544845990826246	29.58280345711656	29.655931989308662	29.61479164488434	29.532174843319343	29.623637374303904	29.583540579637656	29.602868592521265	29.613093570496687	29.532174843319343	29.598952807542858	29.607331354050814
29.605422457520323	29.542932865744	29.552177338054374	29.587434480444678	29.659594285153972	29.624752997671727	29.53311651885423	29.623984846287744	29.586659206490726	29.603046399387466	29.614692094625894	29.545031352753647	29.60987349401251	29.60972880906173
29.605424742876764	29.551380841638043	29.552177338054374	29.588666272062866	29.66264152063517	29.63557017974491	29.534018097343637	29.626199168103053	29.587434480444678	29.605916265213537	29.622561449073917	29.55265729271398	29.613093570496684	29.610210427829642
29.605512803756792	29.551873521298283	29.55317150215374	29.59301435307695	29.663191199353733	29.641064340335486	29.542953557517833	29.6346578599777	29.593526373195107	29.606113888260925	29.623246879951793	29.555371953442933	29.614939052449365	29.613260622829078
29.605916265213537	29.55265729271398	29.558353749597032	29.594351372931506	29.668656812668786	29.64419768855727	29.545384265184875	29.65196512560719	29.59563319879566	29.606952667430328	29.623771251518022	29.55898758842549	29.622561449073917	29.614269562768417
29.616770187755492	29.55355756407328	29.558953966671737	29.59447377165524	29.66961934999673	29.646133730816818	29.550737650671422	29.652474185608316	29.598286937087437	29.6077872540562	29.63274586284038	29.559264797580088	29.623501390530002	29.617388563976796
29.617399050725467	29.555356512482895	29.559019658482836	29.59848043810081	29.669647364887776	29.651677571416965	29.558058670020326	29.6552052132103	29.602070734074005	29.610210427829642	29.63835697234373	29.577986765531517	29.624386215331626	29.61961535561927
29.617584520189133	29.558855568320805	29.564985100217474	29.598636674081234	29.669961188681818	29.65222734267971	29.55848557243891	29.659040389980895	29.604872171598767	29.61188084738894	29.640375402694275	29.57846108844786	29.63339373425443	29.623094336236658
29.618240789857126	29.56456037262318	29.57359318900861	29.602099065331366	29.670754894944565	29.653272305613488	29.559325893237837	29.663633650567377	29.61446986404553	29.612617210786077	29.641387317012885	29.578461088447852	29.637806098173645	29.627435314760632
29.622028500786122	29.56502792344766	29.5794592484594	29.605916265213537	29.670807437120473	29.658463123666962	29.559562448671084	29.66930668258026	29.614527062569344	29.62577749918866	29.645906672153373	29.582288448883954	29.643041007245625	29.6294739594803
29.623682502000417	29.570879625078803	29.579459248459404	29.61188084738894	29.67277372609376	29.666218132990966	29.562090461288822	29.68325337190822	29.615243591624004	29.632253125760535	29.651967553793416	29.582788081225708	29.647484330563493	29.632535236047637
29.623984846287744	29.576031879140995	29.580259031225197	29.613093570496684	29.678173501763197	29.670198536186042	29.571372055521017	29.686161279025676	29.615977777491402	29.633954211766337	29.655226904953004	29.58409887668244	29.65090427944432	29.636486195357097
29.62973941899616	29.577467387850596	29.580287362482558	29.61637455392559	29.686426111734768	29.673280773919085	29.57361731181071	29.68650280756811	29.616410647045765	29.635693911448126	29.656352301129633	29.58920845911713	29.65196512560719	29.640580823628333
29.634537722695992	29.578323456783416	29.5821923850719	29.616676435295926	29.6889945463151	29.674984476050813	29.57590394780396	29.69238833993466	29.63274586284038	29.6409001378976	29.670397174327977	29.59362477154604	29.652542829497627	29.640804778522597
29.640204790507678	29.579828881048748	29.582850847398895	29.617542284498903	29.698167464980127	29.675654847915187	29.581262556922027	29.696660785971762	29.639835294604552	29.642414696654228	29.68695220251416	29.59455477318768	29.653562925298953	29.651290199234605
29.642916860844643	29.58280345711656	29.58325246138823	29.61910274395332	29.717652629289518	29.679055604580856	29.581262556922027	29.704111698787806	29.644996536924417	29.64648494108774	29.691426272656294	29.594842007233684	29.657538256571403	29.6520473092726
29.648489642272544	29.58354057963766	29.59087547162087	29.619327053467543	29.723977702575215	29.6835239040325	29.58325246138823	29.709550444839703	29.647601817805498	29.650628629876657	29.696978510810407	29.59490874508479	29.657780043940317	29.65439480932051
29.65167757141697	29.583540579637656	29.59490724582483	29.637306071111453	29.734373840706397	29.68447449845204	29.58488922363989	29.709658919260928	29.65633712655059	29.65455148468425	29.69763347772701	29.59520780555562	29.660232663700253	29.656452142947707
29.657224763517966	29.584639240678186	29.59490874508479	29.6378527087269	29.736674043238295	29.685101794837475	29.596540772847476	29.710606552679064	29.6578652296955	29.66151917606392	29.698516701074066	29.59551813901068	29.66215367099052	29.67127027650765
29.659446845902814	29.58464557741501	29.60002630410791	29.63885651945388	29.73888100187086	29.685432892905737	29.603113618019123	29.710697916257423	29.657882480744593	29.668744191416167	29.70563644096003	29.596648668307278	29.662362108685517	29.67295741351196
29.660456052955325	29.588207285082916	29.600432454084398	29.639341701965872	29.74177728911918	29.694055871218843	29.603522503439564	29.719804045378666	29.657895057756235	29.672076386612794	29.707051613285962	29.598952807542858	29.671200588540703	29.673431403563335
29.662324853137534	29.594351372931506	29.601205118114677	29.643491375827715	29.742671776002044	29.704582519939123	29.605916265213537	29.723344262371107	29.66052059329082	29.673269737722126	29.70758009250704	29.60209906533136	29.67343140356334	29.67510988980023
29.67129137363782	29.59810776121774	29.602474910091193	29.647082452321083	29.744821524586108	29.70563644096003	29.608586395315054	29.727766907625725	29.663633650567377	29.67399710682012	29.708916439402163	29.604360653529888	29.678148232768322	29.6827597025673
29.678998954431066	29.599223896738046	29.60434774982587	29.658832282045946	29.746599530937615	29.706711300255293	29.61061068475372	29.729304993317854	29.665937380206735	29.674466758975132	29.709357623285467	29.605916265213537	29.68126582591531	29.683781155882944
29.680582978508752	29.602546616218387	29.604963159637244	29.6617409332772	29.74683165106132	29.716233765363675	29.61384712167441	29.737028992888224	29.665962919662324	29.67516299689144	29.71160038289633	29.605916265213537	29.681729725059597	29.685375789457375
29.682573648017094	29.603782537270217	29.60565550440444	29.664102023480808	29.75066550808033	29.72458476301495	29.620553534611368	29.74144056381636	29.67426169362853	29.680582978508752	29.715257284722572	29.609594941914594	29.68427434059746	29.685970517490453
29.683253371908226	29.604714021014924	29.605916265213537	29.66946965450409	29.752023461249877	29.728480876040187	29.622561449073917	29.745245515037197	29.675992786971086	29.68455741813394	29.717750544225662	29.610186353561474	29.690010363955377	29.688621435333125
29.68678915658117	29.605381885613046	29.60687870376812	29.679077018363543	29.756224270033794	29.728619459005493	29.623094336236644	29.74589469669233	29.680582978508752	29.688222286048816	29.7363011923357	29.61061068475372	29.7018880300584	29.69274809127526
29.6869999159304	29.607400946062608	29.610253846820697	29.681901790693175	29.75752323043596	29.735714126169103	29.626717119245715	29.74798911766	29.689566905487283	29.694612197104366	29.740912484173627	29.611945678536145	29.711664317756103	29.696185328565605
29.688621435333125	29.61204407688708	29.613536706255015	29.685214074498482	29.75843681749266	29.736031696311073	29.627010781236965	29.751118708575905	29.691722365899633	29.69763347772701	29.74718259053281	29.613105142714836	29.72832945170734	29.696237180137476
29.69401299763105	29.612482532443895	29.615993523517357	29.68714134220404	29.760438631229682	29.737439485228357	29.629204357224335	29.752491184393293	29.69349973450356	29.699317055874776	29.76121603069639	29.61370932932975	29.73176275513145	29.69735767619194
29.694693308650248	29.61419033419392	29.616076175842334	29.68728803857899	29.76206674005289	29.737578427112222	29.630182910195064	29.75701659714758	29.696551618685728	29.704813924775042	29.761656224467146	29.61808431007296	29.73178267816049	29.701267706540307
29.694865594196948	29.614910721192008	29.617542284498903	29.692328023954715	29.768938134640884	29.739608203175635	29.634640580254995	29.76018174233992	29.70082648038811	29.70692386268333	29.762340891605067	29.622561449073917	29.732384288078276	29.702470879217728
29.69539447955768	29.617399050725467	29.618503663515156	29.692652485492253	29.774815138226124	29.745229291589666	29.636210252098273	29.76243643730465	29.70343495882688	29.71175214228047	29.772827993907054	29.62452962257162	29.740139060467353	29.706793983905197
29.696184580769387	29.618662415000102	29.62185379210095	29.69447281406792	29.775952833038403	29.749090873069925	29.636645483363147	29.765116487152845	29.70648397776571	29.714881463075997	29.77945230843042	29.624963128056493	29.741431589360875	29.710673303889337
29.700098238211826	29.6192686742273	29.622206785474365	29.694620893313477	29.776670517336484	29.75173226500317	29.639421416802584	29.77074616328116	29.71728560499683	29.715557343352707	29.785480706007935	29.627807202428283	29.74232648312172	29.713819047226437
29.701851841004483	29.625840615016294	29.622541674882093	29.69618458076938	29.778073506905073	29.751937360558852	29.640966364404168	29.773263046232778	29.7180395085839	29.719387020642163	29.78966072834001	29.632608778488756	29.74506388762319	29.716690633410966
29.710350532816815	29.626035018205577	29.622561449073917	29.696730976920445	29.779346745941606	29.752040337369472	29.641505810017343	29.775090572686466	29.720031785196234	29.72379947442377	29.793946605240514	29.634331154589937	29.75219035885851	29.718326091401803
29.714424477315287	29.626805805321666	29.622590865646174	29.698340800889575	29.78074422614674	29.75210166461724	29.643444144619266	29.782994934306924	29.723252412902664	29.72573826217561	29.795501426006908	29.637306071111446	29.7557565363616	29.7184859325662
29.71766060084697	29.629108886944984	29.622766581229204	29.71019900368308	29.78158452955782	29.754805038459505	29.643445561376726	29.783599316634128	29.72394419880681	29.72652682766759	29.803431482690492	29.63799302202689	29.76102495701449	29.719041391550874
29.72011832109986	29.630212148561327	29.624386215331626	29.710820951121026	29.781688446715336	29.755554473000053	29.64468816897424	29.78474356441262	29.727831831804515	29.7295479891089	29.808862996544764	29.64077077446964	29.76822249309598	29.719896735836453
29.724947626946594	29.632691745981607	29.62589361723558	29.712730358277106	29.784194092209617	29.756076701323074	29.645829602935862	29.78516652030406	29.73052000689573	29.732411344656636	29.809278619802203	29.643170071261036	29.76883728490148	29.724057894817197
29.72684177859572	29.63325039661119	29.628618651435158	29.71275569490836	29.7853190287924	29.7578154799985	29.645999252167023	29.78564641635598	29.73084302710571	29.735342799330994	29.811248725703148	29.648246196594062	29.76897049525011	29.72551521327896
29.72773343345358	29.63355903560311	29.628661615763278	29.713638769552606	29.785420748985747	29.762087372544705	29.646071326516957	29.798608505395453	29.738422604803795	29.73876125029804	29.81267390249759	29.648441929823083	29.77316986786346	29.725735125201727
29.730267205049575	29.639341701965876	29.632590016526457	29.715806819118168	29.785595136325014	29.76431729673111	29.64735683315368	29.805527573421685	29.73920941164537	29.739815703579087	29.817320776995544	29.652485530324185	29.774990608823554	29.72736950440303
29.732312493283807	29.64037437995989	29.632754837256034	29.716084489112554	29.788752037459112	29.766538619575766	29.648593839215845	29.805742930636082	29.739815703579087	29.74506388762319	29.823339346835542	29.653274891177787	29.776358124270246	29.731418959267316
29.733530159720033	29.641213155682617	29.635801846834465	29.718594245283416	29.78965843846833	29.76943228967545	29.6552052132103	29.80608712346771	29.741426938830543	29.745339700248785	29.828723926757977	29.65365657291964	29.778622231311363	29.73448500881778
29.735864183106667	29.642767889156513	29.636978148711236	29.718836333196894	29.79706162328405	29.77167515836507	29.659436869620286	29.806602594796153	29.745029618271978	29.746569892744585	29.828851865714487	29.654451265104363	29.78354126095172	29.738688345864613
29.736775557803924	29.64629838684558	29.64137359413831	29.72573826217561	29.801974602913756	29.773997920139877	29.65964588761606	29.807361188830725	29.74506388762319	29.748817196426042	29.84929586802153	29.658604779186096	29.78368374202795	29.743736943821826
29.738768592715303	29.64930382443978	29.643170071261036	29.729570349316145	29.806876770159448	29.777872303608746	29.660456052955325	29.810740008508287	29.74993379354815	29.749497470794356	29.84967989952553	29.662324853137534	29.785319028792404	29.745801370684767
29.745380805085418	29.649422094127758	29.646813392578437	29.731855185608765	29.811837672910592	29.779872043597273	29.660464532121917	29.814561986953382	29.752277034018146	29.749852387986888	29.856067800634456	29.662782962904046	29.78850403554767	29.74636214377101
29.74568398280104	29.65060070262867	29.647723854554457	29.73551234899786	29.817500111149645	29.78632040245276	29.665937380206735	29.814869560690262	29.753276111717234	29.749933793548145	29.85642780534035	29.663678997875365	29.794333413311378	29.746944885291676
29.747283494462724	29.65085782089084	29.64958556223578	29.739099168852647	29.8193973714307	29.786552025227387	29.666001301990487	29.815372059664423	29.756224270033794	29.761970911518663	29.856905755886945	29.66657002084542	29.7976077185242	29.747296525848817
29.74810918871646	29.65125299853313	29.650285183847377	29.741104735886392	29.821737417505986	29.788732277861754	29.667685730333176	29.8187618755301	29.756834199511395	29.76384576404409	29.861804213651645	29.667594990803224	29.797970604185508	29.748059273752848
29.749933793548145	29.651290199234605	29.653965725152112	29.74711317519519	29.822263714028338	29.791248759594886	29.668877115001624	29.82092040462333	29.76137116021578	29.76472787936072	29.86347109425974	29.671270276507634	29.801131583377803	29.74815411478677
29.751379550769073	29.651730229545546	29.654451265104363	29.752491184393296	29.823690292218917	29.793263647440334	29.66912883093326	29.827234919581432	29.76568076919809	29.767130786698715	29.876129808821286	29.67320198689154	29.80398074516414	29.749047081904507
29.758522989539028	29.652295793706443	29.655599939795437	29.75404251983696	29.82371513192537	29.794417488132325	29.671265731570195	29.829296233369913	29.76930331430414	29.767925208049654	29.880461683990127	29.673719627261477	29.80720850997883	29.74993379354815
29.759797948928345	29.65485755117043	29.66163530818903	29.759142005802826	29.825176053536516	29.799391980588446	29.672208101365094	29.831224410353848	29.76938153163851	29.76930331430414	29.88128034979961	29.673967999132152	29.80732146871202	29.756855643189752
29.76017791488781	29.65907590668017	29.663628093813053	29.759766199966048	29.82616278185195	29.80055427419858	29.68190484076665	29.833285581555646	29.771942821331052	29.771884391588486	29.882900054556224	29.67499047041276	29.80915076853298	29.759943412107454
29.761810553490516	29.660456052955325	29.663638172193796	29.761495930128522	29.82656978727284	29.800964401282844	29.682111126203786	29.842243255566622	29.778083516189646	29.77723260852993	29.88906450839661	29.682571979131975	29.8130951016062	29.762928524846508
29.763274514514332	29.661532334035776	29.66394984558602	29.764365273843485	29.831288519674636	29.803870532778063	29.68661901365178	29.84314430381496	29.77885338431671	29.779016797106504	29.893863719531176	29.682947705389587	29.813575997198015	29.763079123169994
29.76632877147261	29.662324853137534	29.66478973645936	29.76575854317503	29.832543790180818	29.805626360401796	29.686995777986976	29.845000789618844	29.77954585688527	29.784225024114825	29.895146274128095	29.68297104399722	29.81499656493731	29.76625119736998
29.76638416887049	29.663539447042297	29.665937380206735	29.767447195708293	29.83409859534049	29.812334676260125	29.688271191608816	29.846669250994324	29.781472973280504	29.785788838100924	29.897157550824588	29.68374658811444	29.815646707611673	29.76678485964512
29.767228278799482	29.6658353881769	29.66925378481726	29.767804086985684	29.835424701064888	29.813533054876512	29.688511330973665	29.848981750534215	29.790690359315008	29.79033279378884	29.89840450350847	29.684378746635588	29.817372035375104	29.77167515836507
29.770094102371285	29.665937380206735	29.669961188681825	29.77167515836507	29.83602614762428	29.81551408278186	29.690926314702974	29.850142331127934	29.79664910322924	29.794664208353783	29.900414185518507	29.684805757190485	29.819146574379907	29.772382156781504
29.77180510827252	29.667594990803224	29.67285541489465	29.77240769961084	29.839208126201626	29.81560438970634	29.693332093671213	29.854895076412394	29.798743021440256	29.79469584027225	29.901337511163778	29.685106477029603	29.825126453863152	29.772918020107948
29.773865552352117	29.669308397921313	29.6742451091954	29.77384956302982	29.841304944432682	29.815667462048673	29.69763347772701	29.855065990214218	29.80194664122581	29.7959812001666	29.910303000156404	29.6857621654347	29.827136023532532	29.77536105642899
29.777193458961392	29.669803107593005	29.675457991855076	29.7761445765768	29.842059895694252	29.818047953428625	29.6993060007122	29.855620482891165	29.80495891131288	29.797961023403097	29.931827696207364	29.68757399479803	29.829737657424353	29.776926561479154
29.783205949749895	29.67045172416069	29.676366561965654	29.776601615006992	29.849557152701884	29.819995724861347	29.702312740610406	29.856158047961323	29.807907904650904	29.79986451455292	29.933341790081094	29.68870412625536	29.832165830523824	29.777789119552807
29.783598140093034	29.672372700708596	29.680582978508752	29.776619004971295	29.853762056183957	29.820320164367438	29.704111698787802	29.856784568660398	29.80826480657182	29.80344128930154	29.93641978534437	29.688795865978143	29.833663427579946	29.777872303608746
29.7836303449436	29.675071679078588	29.68366273566371	29.777325188543593	29.854812287289544	29.827379641468045	29.7114189691919	29.856844345910467	29.80943687027077	29.80596684211405	29.939353962835867	29.68951096817614	29.834302441226477	29.777949384225646
29.78396184730994	29.680582978508752	29.685589705917092	29.777901793435777	29.85571542247275	29.827391302739755	29.711786841618668	29.858204878097492	29.810052736488085	29.809207376310532	29.94258397269507	29.68962112231658	29.83477838494218	29.77821177809272
29.784029441505925	29.681983264553217	29.687104919305202	29.785513223930977	29.858265000078113	29.830466914308108	29.711915625493234	29.85942953796597	29.813926787696523	29.81233319131855	29.943303564969337	29.69007226006707	29.836346362639535	29.77927158707463
29.78580510189409	29.68213167304986	29.69032789352665	29.788226189100847	29.859861602241438	29.833532068215145	29.713140907724284	29.859517033557072	29.81429079041829	29.81371810092853	29.94395730010569	29.69171434530539	29.838317797240222	29.782779314859777
29.787736532842853	29.682323848600806	29.694247565323128	29.79033279378884	29.865004876189076	29.836723671015196	29.713327258748453	29.86086887790877	29.81527305448215	29.813901230116244	29.944411872002	29.695089711018262	29.84048644456353	29.784535428697303
29.788524439561083	29.687573994798033	29.69757919473317	29.79137702036906	29.86678178788863	29.83702003024862	29.714036212352532	29.86115277728746	29.816590777115753	29.81953898744415	29.947679512681376	29.69763347772701	29.847569359401255	29.78589141758463
29.791209457339416	29.6882754422847	29.700807356773304	29.793988184086295	29.868815815679973	29.838026688831114	29.714075652013268	29.86167744661658	29.817962840500037	29.822998650302353	29.948347284563667	29.700615538915596	29.84889300716602	29.786126318780873
29.794333413311392	29.688781585421474	29.701035099639768	29.79484249617441	29.876043927430047	29.839096034697008	29.714080784405695	29.86608235640865	29.818024003175214	29.82421862552288	29.94874375712953	29.7023679490173	29.854376396660076	29.793165795030905
29.795507840337386	29.68879317162858	29.702251717804376	29.794891016636146	29.881732829591733	29.84472206669167	29.714107279148784	29.867515369550798	29.819835878567886	29.82488769496534	29.951526417873012	29.702372928573432	29.85908308375522	29.796314968710895
29.79633039053288	29.689141325849352	29.703818447233346	29.79668394309563	29.88514585219422	29.8477500653004	29.71967678135996	29.87152295917743	29.821846372198323	29.8253834469865	29.953759593528478	29.711173650174057	29.863121853741557	29.797436714536943
29.80398074516414	29.69595093980952	29.70597999164017	29.806361000262985	29.888187774614575	29.849510775868552	29.72739514868082	29.872376412247835	29.821849079033058	29.826386287865375	29.954907926754995	29.711516079465213	29.864026804394502	29.798416815771848
29.80433212413456	29.69618458076938	29.706140537458246	29.80712160069716	29.88849694285063	29.849744155370338	29.72828306161812	29.87698899144327	29.822051413319215	29.82734019054135	29.95800094187139	29.7124004080621	29.86667308199596	29.7984410989274
29.80749420167581	29.696417982465494	29.706372216838478	29.809732886714222	29.891805317904293	29.852739521326228	29.728283061618118	29.878561423609543	29.822796322807104	29.829191279769987	29.95922137010236	29.712892078376427	29.867973037607364	29.799403955393075
29.809036134726405	29.703669921244554	29.70973145133144	29.810424665778562	29.893815024317643	29.854599365796595	29.729712510783877	29.87887964108702	29.823920728804968	29.829453216027353	29.960991648984187	29.71452287566622	29.868965474369215	29.803042992236062
29.811437974923532	29.705078638588333	29.71069029749069	29.81281628638734	29.896488263793625	29.85904332752004	29.732087519991232	29.879536784448586	29.825052136510052	29.831157127850997	29.963510208236446	29.716820439117292	29.86966954042704	29.803870532778063
29.81444428310758	29.70800036731608	29.710814043028584	29.812897847911678	29.897620101469272	29.86109846065887	29.73446769401296	29.879809736136686	29.828046438352207	29.83371923756868	29.96484466834807	29.717525169220128	29.87152295917743	29.804873342867012
29.818742941467814	29.710296896197875	29.712019080730567	29.813588611818886	29.898498407346395	29.861218048098046	29.737868442813284	29.884922012562214	29.84568534005504	29.83494980593058	29.967237078688765	29.717753180860623	29.873539867652376	29.807323135597244
29.8194742226297	29.711600382896325	29.712127414535615	29.81578720584724	29.89930989147355	29.862183838471523	29.73806936975326	29.88722301389755	29.850080321708532	29.835021635785886	29.97173046477706	29.71791091179844	29.873558601493908	29.809528241142274
29.81953838165211	29.711950364389295	29.713140907724284	29.82420227047613	29.900416209585714	29.862652781974766	29.739208170422778	29.88937415117697	29.851381962122005	29.836029230415562	29.976488067999362	29.719393125819607	29.873600438256894	29.816735550947588
29.8196663577794	29.712602396478133	29.7139717520053	29.825368028175582	29.901425883957252	29.86457749295361	29.74156375224198	29.891958284910523	29.852033791808573	29.837060974358838	29.977925528469616	29.719937756728157	29.876313622403607	29.817461020799406
29.8201216916532	29.716580048409664	29.71455458364921	29.826225693136024	29.90636781210011	29.868020625713825	29.742377741239395	29.89235987171239	29.85228643122362	29.839520924898544	29.981588313018914	29.720023890001823	29.8777157524329	29.817907395168383
29.82118227877048		29.714556245541754	29.828181572096526	29.90710334127364	29.870709527146584	29.74498055167358	29.89353489342428	29.85760897036685	29.843523556395212	29.982431874282334	29.720946950792232	29.880648462424244	29.820348787816243
29.821536774567548		29.71501216615945	29.828417942778053	29.90980169916286	29.875194368099066	29.745801370684774	29.895722222572516	29.859901732673084	29.84464116447595	29.9835132964173		29.886369462748533	29.821723309654793
29.821669831059566		29.71660390453007	29.828479420960665	29.91181974052262	29.876842964608887		29.895889980678547	29.86034418281521	29.84734936832147	29.98385748095411		29.89084621288055	29.825680998823458
29.822682256102237		29.717750544225655	29.830126083439026	29.91832442471783	29.87954092612401		29.896022122973953	29.86283695398568	29.847662903298254	29.98499026975395		29.8957977998862	29.828417942778053
29.827813667180504		29.719686237598406	29.830176989877113	29.92346768031062	29.881335924266537		29.901833870695654	29.86318783614969	29.849630105200134	29.985718130398055		29.896905018750367	29.832522736841078
29.83171461147114		29.720604518049598	29.830808706511707	29.926078343142343	29.88483072518028		29.90371203065596	29.86650287792187	29.849700937739136	29.987395432185387		29.897802739057468	29.83513389027667
29.834367644995915		29.720764247366247	29.831224410353848	29.93179687176978	29.88662899472008		29.907234064401685	29.868742364654594	29.85671353074575	29.98918196383171		29.89981604034928	29.83648258194061
29.838669883751493		29.720882094624173	29.833411517982356	29.933875352320296	29.887919737877205		29.907333250213487	29.871673590327767	29.85908501748468	29.99066099389812		29.901494100023047	29.83967372186978
29.838739057450212		29.72413869604097	29.8340490061846	29.939465975859644	29.888079502583686		29.907801188991485	29.8717764924263	29.861269515464674	29.991515654410204		29.90240317281242	29.84248227307719
29.83978250728405			29.834969165768836	29.940486797228676	29.89031037423524		29.908528519536265	29.874200477271508	29.861691948181775	29.996285246472908		29.90262008354739	29.843770272766918
29.841371520174995			29.838808088351453	29.941781990509	29.890363498651332		29.91160173696057	29.87504368294905	29.86179276633652	29.99811008444622		29.903804071805904	29.844277087354666
29.84139190746597			29.839876001403795	29.942256617667653	29.892227555173715		29.917424264966247	29.878157246759937	29.863063108576622	30.000247808498692		29.90687808934178	29.844704218815735
29.843770272766918			29.842115763285527	29.94329565351143	29.892342678503493		29.917963006545044	29.87976964658698	29.864131613825705	30.00037448731464		29.907260618013915	29.84783068884677
29.84377110113597			29.84327125198141	29.945172022484677	29.89391008563728		29.91912690636348	29.882993380586253	29.864169517571433	30.001101832196632		29.910149319755536	29.849459585402798
29.845005439765888			29.84726919211075	29.94556450202748	29.894597350301186		29.92455457573032	29.88303754178904	29.864477980959435	30.00746124140196		29.91171517217108	29.85104453052407
29.850141320639068			29.848038485662848	29.94582334387111	29.895375994776053		29.92735755405017	29.887333235797502	29.865493877760983	30.00932570873538		29.912930348675182	29.851782881354954
29.854537857075627			29.855142468518018	29.946568488578666	29.896419201546774		29.929350123239054	29.888250505109312	29.869573702594735	30.010336354413923		29.914016073624975	29.857506698251452
29.854576378788508			29.856389679506428	29.94734887320829	29.900133714473768		29.930695841496885	29.890066132571018	29.869650861216737	30.011102446552034		29.916670213294157	29.85790466399781
29.856784568660398			29.857162757075642	29.94775555946432	29.90024938269716		29.93150394078765	29.891685678111873	29.869733144258287	30.01199396867825		29.917622075380716	29.861370756898474
29.859873384528484			29.85774642243539	29.953108092117382	29.901970778910087		29.932978545128016	29.893529856577743	29.87334904079181	30.01423317714508		29.920548139419886	29.862694012552026
29.86021447932262			29.859193432808397	29.955050309708586	29.9027322633545		29.934505773070516	29.894341747052742	29.875045741458283	30.016184056744716		29.925228004031798	29.863671896119012
29.861792766336517			29.859784479914733	29.95878546159264	29.90438506484049		29.935664687799537	29.89690286552787	29.87559729984452	30.021813994267916		29.926857097441204	29.87157616760584
29.862171152344406			29.86086887790877	29.960323096140474	29.904894923208488		29.939892346457572	29.897104052725	29.8756039595178	30.022639809906664		29.92791421168996	29.87234879038088
29.86323387003167			29.870482676542526	29.960501593952813	29.90573582436937		29.940861933585268	29.897621871000908	29.879082651511816	30.024476244789266		29.930965340040498	29.876521432724783
29.865840377951372			29.871159743101526	29.960908421790496	29.909413298508998		29.941005009490524	29.898789032780456	29.879789733641125	30.030905005988235		29.931976130312943	29.878953367728542
29.865844395956398			29.873453791349878	29.961392795173133	29.91014747899361		29.942183926779727	29.899675952980516	29.88028643183242	30.031659958369847		29.93902605124408	29.879626534541902
29.867274234695238			29.874143255814676	29.9634418659628	29.912075441261592		29.945166919079004	29.90120568565679	29.880794493374417	30.032425466755704		29.94159669191538	29.880891021768697
29.868844038781052			29.87656184868636	29.96618577827394	29.912120896376184		29.945179841752015	29.901252515352247	29.88338015960153	30.033165222958385		29.943749975113615	29.88098010988427
29.870351718528624			29.87808637388579	29.966928574039738	29.913499967635488		29.945242762839996	29.90297667154129	29.884808423803733	30.03373181001802		29.944842072596472	29.882572405287423
29.872562282653636			29.88025682282845	29.96766669008117	29.917366788588467		29.95098030954061	29.90676611641911	29.892227555173715	30.03807717516549		29.949332848819978	29.883597794695955
29.873719606193283			29.88449188487216	29.974566141185903	29.919588947773462		29.951140577373085	29.90769585690768	29.894592656591556	30.0388477714248		29.952677873668193	29.88364647264836
29.87685601924982			29.88575999379569	29.98519103735624	29.920086684885398		29.953865996954786	29.909591665069144	29.894617624309642	30.038944273155828		29.954388006401693	29.8837441923596
29.880166350454967			29.889502642655895	29.985295962261887	29.920511741168653		29.954531677393835	29.909746926809444	29.895259195541485	30.039630157347663		29.956632122757185	29.88518126966536
29.88308715317939			29.890682696832307	29.985591369594314	29.923372157315246		29.954663464816367	29.91007624555699	29.896253512873884	30.042990405429368		29.95690435807245	29.886068149877783
29.884385149489574			29.891721519678526	29.98614710704478	29.923910893812		29.95513166646863	29.91128978306498	29.897104052725005	30.044694383746275		29.961311093124635	29.888937962086548
29.88626965390109			29.896942600924085	29.98933803115508	29.924107690125332		29.957662163969403	29.913231062595703	29.89947849406133	30.04583161400457		29.9630691524261	29.89165409864216
29.886569721839635			29.8983299973849	29.990162406313903	29.924659719366936		29.95867693574655	29.913493967512025	29.90079592609742	30.048072185474254		29.96663637320161	29.89328243732636
29.887406527327766			29.899953310133196	29.992310074161633	29.926636758188213		29.96120231041851	29.917310335773884	29.903965967415658	30.059253557958193		29.967476259776983	29.894519485027995
29.888924203979787			29.90228639339523	29.99482344203584	29.927737225665233		29.96497081455405	29.920328705813134	29.906659061803477	30.062455150718637		29.96899940641285	29.89458762098094
29.890363652396754			29.903516527378315	29.99716755242659	29.92818967229546		29.968198989235717	29.920349784296597	29.906915039215125	30.06456637661711		29.972142587392014	29.89554119633889
29.891456824104516			29.90394605361978	30.000867840346483	29.929595770869017		29.970181250427284	29.92037324319663	29.907206370465587	30.06525642319725		29.974570158503028	29.89558328881536
29.893386363013615			29.904517224544655	30.001925021668043	29.933397396674245		29.970426959257537		29.90848087221257	30.06712149374122		29.974614229715232	29.89600041484158
29.895025573246585			29.905327640320255	30.002010103406306	29.933917552695785		29.971985868967618		29.91404499404299	30.068702969755137		29.974842028820962	29.89600835958522
29.895062719992357			29.9061397142926	30.00400065999851	29.939645302207616		29.97470459575868		29.915929244914917	30.069198976497006		29.975385504688504	29.89638508342859
29.896452333734285			29.909546384690714	30.004308891777654	29.939823833730237		29.97840200159753		29.91639940233511	30.071068035929287		29.975462578684017	29.897011547930955
29.896600925336045			29.909785172497358	30.005094719595345	29.940039595097968		29.97975482925627		29.9164420597837	30.07147332431332		29.975622436874026	29.897658556604792
29.89689759611859			29.911019733533124	30.00535056041606	29.940604037677705		29.980705533055804		29.916522433814958	30.072683502764303		29.978449156176364	29.89828233225431
29.897289439885046			29.91351973981886	30.00881414255383	29.942534185255912		29.98152363419579		29.917056716871713	30.07278651477111		29.980432007532315	29.899765462893722
29.90361311489779			29.914155973835168	30.011350025586708	29.94469217469957		29.981931402917947		29.917750189054455	30.075146780978773		29.98394619137581	29.90173084565699
			29.915747965430647	30.0139742597448	29.947762359042162		29.984316168811002		29.923564172143603	30.075546760064697		29.98891038077413	
			29.917424264966247	30.017545149414094	29.950142057220287		29.984340380531236		29.925990404940425	30.085774735671865		29.98909292551566	
			29.91928584891874	30.019593286203218	29.952048743958894		29.98534405110857		29.926161704822846	30.08781578432268		29.990377670721074	
			29.920343830549825	30.021340072389478	29.95628857178539		29.986479263232074		29.926618502536535	30.08872326891823		29.99105326777334	
			29.92237871461625	30.021925284380888	29.956762239057856		29.98767147741458		29.930127155388526	30.09586512892266		29.993249131854903	
			29.92274546761614	30.02278295052258	29.96305217156259		29.98924465697145		29.934570810771433	30.096346376391487		29.99531910191966	
			29.923186581038536	30.024891792170934	29.96733882458076		29.991328767593842		29.935406546749093	30.096571455028933		29.996588163759757	
			29.928956352476106	30.025415428421574	29.970460214959672		29.99321660209733		29.936468655624843	30.098424334730133		29.99735400862209	
			29.93157195765299	30.026647028519022	29.97117271087927		29.99495013273483		29.936717347358858	30.100214624794564		29.99997810014578	
			29.932203035776237	30.027459082795303	29.9723859700043		29.995883893240485		29.937021606858544	30.10308918437232		30.00117963030294	
			29.933891293222228	30.02846508689545	29.97389954019444		29.997097851149555		29.940749919363853	30.103378363420433		30.001853639588756	
			29.935330018536003	30.03427348319585	29.9739267836693		30.000244146999748		29.941462614529545	30.104399859332172		30.003372448838785	
			29.937769471462175	30.037778950945583	29.977597383003733		30.001216275596782		29.941657120011286	30.10521359211984		30.004820375353088	
			29.939359305581863	30.038142383664177	29.97968986510081		30.00291999765682		29.944643749863914	30.10776437207095		30.00736269781686	
			29.94768635551683	30.038909248039488	29.982614729559703				29.945283607806115	30.114961008760286		30.014505739234245	
			29.94851988085503	30.042408681951716	29.985383703479805				29.948453468359187	30.11515468097193		30.014915921848267	
			29.94946652171725	30.04473464751897	29.987361197637625				29.950230018585437	30.117775126025286		30.01599322808163	
			29.950639353968032	30.044969655950048	29.98745086131989				29.953569961222225	30.119347572127438			
			29.951455526547175	30.045433534369007	29.987503089471105				29.954469376130213	30.11968796835997			
			29.95423450091809	30.0458161450335	29.991359889749646				29.955728387685404	30.119927347250524			
			29.959038998801574	30.049379572117672	29.991397457500476				29.9583187747318	30.125740805825586			
				30.052494989113477	29.99541324049364				29.960016713227557	30.12642492503458			
				30.052499283699483	29.997460259245774				29.960183669684145	30.129714178777025			
				30.053954193385714	29.998810137858953				29.961040877099478	30.131366380467693			
				30.055006581543317	29.999162989069468				29.964553698355335	30.13182022125027			
				30.055625006535628	30.000927576869955				29.968133934246868	30.135785808809548			
				30.0606320164078	30.002025199790737				29.968953489276558	30.13728656248698			
				30.060654993237634	30.00478311564538				29.97026838413905	30.13865875255523			
				30.061472923547743	30.005521754618602				29.97115378723511	30.142236258512984			
				30.06150454689903	30.006542092015646				29.97189067671496	30.14318556452762			
				30.063455093384043	30.00689208679956				29.973957339221357	30.14479421753672			
				30.063559956504278	30.007160164634218				29.975996809668153	30.145781577521227			
				30.064269802080137	30.009055337353608				29.97774891219229	30.147781607760646			
				30.06645289779085	30.010654380529417					30.148451057016786			
				30.06774340144706	30.011306682903385					30.14984562393744			
				30.068823259865614	30.01367527491644					30.153402798627642			
				30.06900272755912	30.015564147182726					30.157080335096307			
				30.069765935775347	30.015866481641588					30.157928707069228			
				30.071063062234806	30.01915617782458					30.17302587192517			
				30.071721022042375	30.02512064910536					30.173790257575472			
				30.07222460487144	30.02625730536934					30.174595256130818			
				30.07277936292524	30.029056740357863					30.17550983270791			
				30.07333456121907	30.02943344124664					30.17560221863307			
				30.074319603288174	30.02974581581009					30.175952579286506			
				30.077562028359253	30.030118992935996					30.17664674364351			
				30.077933230625728	30.030861436632083					30.17749306493686			
				30.08205867127908	30.031886038300364					30.183196396274088			
				30.082404292126867	30.033167590099268					30.183942136816313			
				30.090095874488075	30.033811088806093					30.186242234114292			
				30.09123209138747	30.035760528402555					30.186746680899567			
				30.092931101702455	30.03781629991468					30.187285698598654			
				30.093423779542768	30.038753604773575					30.192952950194062			
				30.09412476996526	30.04346107168341					30.196685869779337			
				30.095255620744194	30.047730183721228					30.197473451683106			
				30.09599866328351	30.049939059739742					30.198381312627266			
				30.096441753455135	30.051833477993352					30.198516970494865			
				30.096962203919524	30.05395546434776					30.19998182198398			
				30.097250711685	30.054268345284896					30.20130092241439			
				30.10101859133643	30.054572205935838					30.20226714476045			
				30.10143551937287	30.05937472567555					30.212983296170357			
				30.103026113577855	30.06097828328126					30.21377707542902			
				30.103063050440177	30.062107863883792					30.214195722405883			
				30.104584674305343	30.06227996279408					30.217330680158476			
				30.11096827478962	30.064728300252906					30.21830828903532			
					30.065358476442928					30.221284759070926			
					30.06690515134282					30.22287940095156			
					30.067597747089824					30.224161755087465			
					30.06761289602622								
					30.06860483562964								
					30.07031582753597								
					30.07357715714069								
					30.07397120659285								
