x10_True_8p_1c_0.0001t	x10_True_4p_1c_0.0001t	x10_True_4p_1c_0.001t	x5_True_4p_1c_0.0001t	x10_False_1p_1c_0.0001t	x10_True_4p_4c_0.0001t	x10_False_4p_1c_0.0001t	x20_True_4p_1c_0.0001t	x10_True_2p_1c_0.0001t	x40_True_4p_1c_0.0001t	x10_True_4p_1c_1e-05t
29.282439111946747	29.35984373432985	29.28243911194675	29.282439111946747	29.28243911194675	29.335931956855013	29.354127214347656	29.364727648539272	29.301386634651774	29.35701963991089	29.3570196399109
29.452358732166083	29.36626411222127	29.341265203379088	29.28243911194675	29.33589241021828	29.36864537758818	29.38650089154154	29.389667175672734	29.3592462308108	29.366264112221273	29.399930196239502
29.518574562633656	29.40002277625316	29.36943039635247	29.37165698725238	29.33602453686867	29.469005528775398	29.440824363394796	29.398977134041495	29.376937111287074	29.403424586143615	29.407477578127736
29.519371176481368	29.45913807129635	29.371001286531957	29.389710469161066	29.3570196399109	29.47424530353206	29.444280073653616	29.407635748444058	29.38399394917888	29.4158081963402	29.457530918786162
29.563805150899675	29.469005528775398	29.444964962840338	29.43874957346386	29.362476848482775	29.5211391156142	29.467946707390084	29.435925479044897	29.39887873569056	29.452997014621317	29.459874467338977
29.602781375626268	29.49222293870251	29.461319399604918	29.45721639645837	29.37717638662738	29.528426421464477	29.483592027979377	29.450730318000502	29.404981891421873	29.454665552880243	29.46512261297113
29.60727270043509	29.51816238951432	29.51339323676723	29.466816709855323	29.380080513650118	29.533662924139268	29.49967333698537	29.454275400645862	29.44217456662442	29.456814958146722	29.469045890818972
29.609455375076767	29.52335652406523	29.534018097343637	29.471032006161987	29.380966945621132	29.534018097343637	29.51481222849425	29.45467981198171	29.45071834164027	29.46032122558008	29.5383598065224
29.614910721192008	29.541603011692203	29.545420770480227	29.528108108991166	29.397308473042656	29.563123484537464	29.556796543536514	29.463224628359047	29.454613654323357	29.51214954254492	29.555343622185575
29.617605691188132	29.54268584549969	29.553720934328897	29.54268584549969	29.40498189142187	29.571021771232076	29.567480994333543	29.485153720376072	29.469825243971044	29.530542102760844	29.555537123951634
29.6198234121806	29.56697697661737	29.558257002431304	29.54505521585746	29.40850869120151	29.57929706580603	29.572954441500965	29.495478437363538	29.471355544008613	29.540696543272023	29.556516934834384
29.626828992499505	29.569622223033623	29.563805150899675	29.546718721997987	29.41171792876349	29.579459248459404	29.576031879141	29.542685845499687	29.472570140024146	29.541603011692196	29.5765801179189
29.646372567143608	29.57869298549509	29.58464557741501	29.56330884646487	29.42883887139906	29.581557344977597	29.578981167511774	29.542932865744	29.472773062237945	29.555351762024223	29.578461088447852
29.65167757141697	29.581262556922027	29.593617502844324	29.57707156124351	29.435925479044897	29.58339457261841	29.58325246138823	29.546022677954788	29.477533369412708	29.55535176202423	29.57869298549508
29.65654061243851	29.58280345711657	29.593975187838982	29.58841721515175	29.448364566743834	29.58703592111483	29.58919039792594	29.547643185486656	29.480643059684564	29.555356512482895	29.581262556922027
29.66045285317297	29.600936788054657	29.605916265213537	29.590108054962894	29.449355627485488	29.59496277643111	29.602446578833835	29.54981386847056	29.483592027979377	29.569776973130605	29.585662511429753
29.66064423331853	29.605916265213537	29.625351679207	29.621112529914804	29.45009499198674	29.5984720524948	29.6025313856628	29.563123484537467	29.506196989434866	29.58703592111483	29.600692812600993
29.662552904636975	29.61061068475372	29.628264380179164	29.623255261992878	29.459091891526224	29.61230263814604	29.605916265213537	29.56421096023429	29.518162389514316	29.594120299621622	29.603521738858362
29.662832665749573	29.617419368242004	29.638303991350842	29.62395030642569	29.464049531519883	29.612400507975295	29.608681534963715	29.56456037262318	29.534018097343637	29.595425558997018	29.607272700435097
29.6669064302427	29.617605691188135	29.63860942562211	29.63092163276181	29.47679625832484	29.61370932932975	29.60889678750082	29.568900375712566	29.540696543272023	29.59931089993986	29.613105142714836
29.687202990060932	29.622876291190373	29.638958012759655	29.641387317012878	29.483002820931105	29.62040181302577	29.61493905244937	29.58336418261975	29.54476320774695	29.602665500521294	29.61458347670745
29.690910010427555	29.62583752134432	29.641064340335486	29.644275837925413	29.483433289817647	29.62044047299154	29.62168893359253	29.58597555120739	29.545318073480868	29.60506774078373	29.622766581229207
29.69733867802788	29.626681120463136	29.64830932709663	29.645652699023607	29.484951424242006	29.625676050560923	29.626520335553238	29.600509446649134	29.54981386847056	29.605339004397077	29.6275596989894
29.700356642014047	29.632603192923153	29.649171308634756	29.64917130863476	29.485153720376072	29.626730120433713	29.630382709054558	29.604714021014924	29.55265729271398	29.613093570496684	29.62829818032996
29.700446957087497	29.635958695087723	29.65039326667546	29.649992668626275	29.498828598383604	29.629441896445293	29.632403042348823	29.605339004397074	29.552833441145637	29.620402792908312	29.635801846834465
29.70563644096003	29.638409091590397	29.654967928949144	29.650939699698835	29.49949970337295	29.635483931451223	29.638419358645937	29.615471188703737	29.564030391489034	29.62143179647835	29.63848116857508
29.708944664679223	29.640204790507678	29.656842737448002	29.651290199234605	29.51127980965349	29.637306071111453	29.639945598869346	29.624904871702153	29.565633891846403	29.62673012043372	29.641387317012878
29.715474024779475	29.643640815801845	29.657150538887592	29.661306557032113	29.54004044018076	29.638074083389427	29.64498378105031	29.627260070219826	29.56933666356285	29.6270998562865	29.64421751325872
29.732277751766894	29.64468816897424	29.659699131825807	29.66312749507447	29.541749621221022	29.642952364976722	29.659255008917906	29.629436908791956	29.579159467136765	29.632535236047637	29.64469205097292
29.739912516056002	29.65014546467028	29.6610488787349	29.663949845586025	29.542932865743996	29.645508284131537	29.660276980189714	29.63174069678962	29.579459248459404	29.637306071111453	29.649649416571982
29.75787648970502	29.652855021947005	29.661413208681935	29.667268307612	29.546718721997987	29.647484330563486	29.661594933502133	29.634241124735425	29.59001562607299	29.64071791975931	29.652227342679712
29.75960225669794	29.653570749205233	29.663844421833463	29.66943181656889	29.54695246968854	29.64893554091763	29.6703757863968	29.648803309432648	29.59237474324832	29.64704771342502	29.660581097594836
29.76443478704688	29.6601266952281	29.66625291961295	29.673472481501317	29.549906448484222	29.650478700206353	29.671794586442548	29.65222734267971	29.594448396241262	29.647134504822205	29.66511419454817
29.766767515811402	29.6617409332772	29.66977132266307	29.67693333614603	29.55535176202423	29.651290199234605	29.67207638661279	29.652738712903155	29.59581436059497	29.64811765734608	29.6658353881769
29.772595808899105	29.662885597606095	29.679361107515295	29.677699973260786	29.55679654353651	29.65512151692192	29.67397164924638	29.67285541489466	29.600026304107903	29.663269704727064	29.667268307612
29.773229334102112	29.663191199353733	29.681446671890967	29.67788651319275	29.558083516420215	29.657593615595992	29.678625386490772	29.680582978508752	29.60002630410791	29.664625411546314	29.670436222690387
29.780688720363198	29.667640427144974	29.685002272213087	29.680582978508752	29.56933666356285	29.658017053427464	29.680582978508752	29.682901160790678	29.600496556881872	29.665388058727146	29.672583827678395
29.78135040589835	29.670571840176986	29.691106474550853	29.68593573391937	29.569341547152447	29.66402897361073	29.681265825915304	29.684684201397147	29.600936788054657	29.670499415751504	29.673472481501317
29.781847154600925	29.672095495159446	29.698537096877214	29.686043175878527	29.574717894397562	29.664234691897416	29.685970517490453	29.686043175878524	29.603060432262165	29.67281670156291	29.67376647540355
29.783661614771376	29.67277372609376	29.7006155389156	29.689921785051325	29.57707156124351	29.664813039896227	29.689186639393178	29.6886875641986	29.60636754783748	29.67691762773176	29.675596726396645
29.786407380444597	29.67781201514164	29.7022758412469	29.69971413353131	29.578461088447852	29.67267220424552	29.68974968445108	29.68877014946009	29.607618524212736	29.6815643564942	29.678496764504214
29.79120586384286	29.68091685124399	29.70713690024432	29.701178738453244	29.578741892171458	29.67320198689154	29.692212887305672	29.68988860214654	29.612753558900163	29.68292568999445	29.67895202810802
29.79693149004721	29.681375059177043	29.711479062635647	29.702215102993364	29.581262556922027	29.673431403563335	29.69227207865764	29.695605320323253	29.612995535569794	29.685186853956505	29.688216718229427
29.798887074632173	29.681423938597053	29.713218880527712	29.706206392678737	29.581262556922027	29.67399710682012	29.695908306547665	29.695959953560084	29.614763313626984	29.68540315231263	29.691644499402678
29.801001684817265	29.6870087583417	29.715848718320306	29.709797612423976	29.58354636416336	29.674618910084806	29.69763347772701	29.70161860876039	29.621024990643537	29.68678915658117	29.69950017337883
29.802966949698096	29.69514617200015	29.716791061673465	29.712368531623923	29.584138288507003	29.680028339327006	29.70257128641219	29.704876209347454	29.621591965609404	29.688621435333125	29.70962856713013
29.80692958081638	29.70239712760023	29.71770404459853	29.716603938634627	29.585975551207394	29.680582978508752	29.703406719616673	29.706372216838478	29.626120085771333	29.689921785051325	29.71378165359998
29.80733503845126	29.70644866140528	29.72222364324669	29.72951791514979	29.594351372931506	29.68205805436546	29.71293954471211	29.708219636393668	29.629363432635643	29.690878497788322	29.71594129833397
29.809513483267146	29.707505232779873	29.72573826217561	29.73668326963194	29.596438281956413	29.685375789457375	29.713674623560358	29.713140907724284	29.636365750483122	29.691759874838457	29.718167614042446
29.81245087210603	29.708416099693633	29.726760701825068	29.741431589360875	29.597610464172288	29.688127609693172	29.715438012222386	29.714827895724078	29.640770774469644	29.692212887305672	29.72039212989672
29.81332152418879	29.712963496057775	29.727353185631433	29.74159871991415	29.598952807542858	29.691536054038973	29.71566079446618	29.71482789572408	29.641387317012885	29.695330785235345	29.723185587059945
29.81379035124634	29.714233634713366	29.72751841200258	29.74677923200533	29.59973202073111	29.696185328565612	29.71679106167347	29.721074495444434	29.64469205097292	29.695959953560084	29.724022923991903
29.819538987444155	29.714248709713928	29.7285449738058	29.751695273456352	29.599756799159955	29.697836971562637	29.716877278270502	29.721595510921592	29.647047713425014	29.695959953560077	29.726455858253928
29.830475123802607	29.717750544225655	29.729725159591734	29.75356614594904	29.603521738858362	29.700798745558398	29.723308734480465	29.72320476870972	29.65043853348566	29.69641798246549	29.728893125657958
29.83272199110136	29.71919020079183	29.73038451147432	29.755098255983963	29.61087243696023	29.70212788271048	29.726851824042516	29.726017798533785	29.652807017654215	29.69655014903342	29.73986950434001
29.833461577174518	29.719494146898754	29.730469239259506	29.756182351773354	29.610979630795857	29.7023632296209	29.732618861830407	29.731225189645848	29.652863978562916	29.698336646599387	29.744429153680134
29.836740173392936	29.72199605513775	29.734366739700395	29.759190427215902	29.614527062569344	29.702397127600225	29.733138690706646	29.731673698012038	29.654917048413456	29.700361137828118	29.74790993029834
29.851649972052627	29.724271128344675	29.735816485591815	29.7612776426469	29.615181854840387	29.70317677939656	29.73537440873576	29.734709610501504	29.655389651784557	29.706629591151543	29.7480612642987
29.8545776630865	29.73211237074071	29.735840947632823	29.765784016760485	29.61557611421771	29.704275249218348	29.736681388835795	29.738401350169035	29.656592727493596	29.70903296302149	29.75172574142349
29.866710257983726	29.73291160618522	29.736552479647166	29.770623084318217	29.616432935084756	29.70692386268333	29.73759734316789	29.74006776295281	29.65930008868834	29.709205079570335	29.758081414923137
29.870601561270934	29.734553898487178	29.73834696153972	29.771026606506997	29.61737391607882	29.707154395365443	29.73982487076256	29.74271883192999	29.660456052955325	29.710862384760144	29.758277116686653
29.872029902873148	29.734660960243424	29.74181974628052	29.7742641562549	29.617605691188135	29.713140907724284	29.743296929413276	29.7488232267236	29.66085715281633	29.711188062937246	29.759346414905067
29.8729979903796	29.73974734855205	29.746810544985436	29.776057303421148	29.618240789857126	29.716511934291578	29.749642106558184	29.74976851756937	29.66280145944836	29.712974304616232	29.759473770132256
29.8774129739043	29.743135592678758	29.747217694274305	29.782402643292414	29.618662415000102	29.717384309275893	29.74993379354815	29.753271700269295	29.664102023480808	29.715053478597095	29.759967299466222
29.88665152742252	29.745438139111684	29.747475089941098	29.783165698098323	29.621671071818657	29.719811303893557	29.751467621931194	29.75680043891657	29.664102023480808	29.716385203499655	29.7603907494343
29.888336909135013	29.74759240142358	29.750448762018358	29.78332020231911	29.621864080874943	29.73472341942612	29.75213340317875	29.756905584890703	29.66889254918246	29.71906429534488	29.764097932655556
29.892692674561005	29.74806693873625	29.753217349443375	29.78625729109072	29.624122281209836	29.73544222602324	29.752437185447505	29.762204912576394	29.669219045921196	29.722820360256684	29.76443478704688
29.893027272213015	29.75259486393745	29.75593299702955	29.7881534948337	29.624308193209774	29.73709875250643	29.755187857528817	29.77041342968198	29.672773726093755	29.723876843716134	29.76706188843997
29.90041580495913	29.75610789084703	29.756091854065065	29.78860140816215	29.624351352066018	29.741456073721167	29.757791816406478	29.770704172445388	29.674571131023157	29.73045680252195	29.772385921147787
29.90227226916199	29.756477983256218	29.75614768384987	29.791309514720655	29.62712631962524	29.74204291813422	29.75970908307209	29.7711057984878	29.67487339565141	29.73443381600368	29.77262980790294
29.903374043453407	29.758436817492658	29.76571605316837	29.793994873428346	29.627816786482285	29.74433737484905	29.761265408097405	29.772849569081213	29.676815609381727	29.73682278552256	29.773054279481315
29.906219523595453	29.760145276720557	29.767750834797756	29.79408312298738	29.62843346065952	29.75177735266691	29.761773648224036	29.77365696420239	29.67833235495973	29.738759015438372	29.77318348312079
29.90709735036172	29.764414763894177	29.769966661885608	29.799071521603842	29.62860062108838	29.75281357068367	29.76204222969033	29.77433276090151	29.680582978508752	29.741316193601207	29.774370367328657
29.911341047470515	29.76697052595656	29.77046740038351	29.800854934295163	29.630627005911364	29.758529553946566	29.7622049125764	29.78013630655157	29.681423938597053	29.74505509351015	29.776780433226232
29.912228841310252	29.769781333517802	29.770731944430548	29.800914699133788	29.63092163276181	29.760860180941723	29.76653861957577	29.784089540483542	29.681450355600145	29.747283494462728	29.786448722774708
29.914274287718175	29.769922886954628	29.772890331910645	29.80231675626295	29.632066495014392	29.76504848990431	29.767965984658986	29.784177718692558	29.68370255243272	29.749813172192002	29.792592801857236
29.914774808011565	29.77166755589113	29.77301676814031	29.80317953089315	29.632094023380553	29.767875997947336	29.772256355420723	29.787287575003447	29.68464815721359	29.75486987997668	29.793914153342968
29.915564099742753	29.773229334102112	29.773068443275893	29.804869613363444	29.634391844945174	29.77310396982857	29.77415787227023	29.788892254500297	29.685589705917092	29.76125602521076	29.794298714661466
29.918582541712126	29.77624061854443	29.77749784301535	29.80520350761433	29.637306071111453	29.774370367328654	29.775603813594504	29.791462733539134	29.689987930835922	29.763371740503256	29.797918937067678
29.91903985899085	29.776274958678364	29.78191324655191	29.808575566184896	29.638774975271698	29.77961653996077	29.789462520409298	29.794874657872594	29.69029297436041	29.76338936597951	29.8031205906638
29.924440271021712	29.77734808636259	29.78239916281933	29.808747304084136	29.643444144619266	29.780719813699307	29.79089566123268	29.795149609575905	29.691820059874775	29.764072591941563	29.807070352308557
29.92449728850445	29.782580562697735	29.78241292259432	29.809570614299766	29.643776528655497	29.78259785671102	29.796083339648522	29.79529605643888	29.693263380384632	29.770589360544946	29.80805603946419
29.92613875334927	29.78522741850982	29.782901060278306	29.81128612572843	29.644032865909185	29.784270545522126	29.798262694018803	29.798682694946315	29.69453591821785	29.7715376257838	29.80944979208467
29.926857097441204	29.79013565483184	29.78329598176817	29.811580814578903	29.64469205097292	29.787561572255875	29.798776016777396	29.79882942397167	29.69732936892063	29.772353846090176	29.810809389509583
29.928077184680255	29.791695786100902	29.784315370005412	29.813778814172558	29.645652699023607	29.788846564105295	29.799087394526886	29.799173989523897	29.699929347483614	29.779697219249442	29.811007230846393
29.928086738635578	29.795712466456735	29.784527290440003	29.81486956069027	29.646133730816818	29.79025310563037	29.810329069577374	29.799611955849223	29.703406719616673	29.78124085264378	29.81161509152983
29.929295090061395	29.79916828574369	29.784991932436895	29.816542525745305	29.646499118909706	29.796357879987845	29.811049870241014	29.800259669759324	29.70471975247352	29.788109258925484	29.81378756872364
29.92965328365396	29.799556471532878	29.785596948148594	29.817502963149096	29.647047713425014	29.796644310835518	29.814528614030777	29.801151554638196	29.705653968427008	29.79025310563037	29.814745143862194
29.93374424011569	29.800844792730622	29.790818984594647	29.820289045157345	29.647457387280365	29.798991156639605	29.81468115005479	29.802497568916547	29.708387582455547	29.792988855313673	29.814828043150097
29.934720971166147	29.802072699639393	29.791273374941504	29.822952187669337	29.647601817805494	29.79977322159102	29.815963232006407	29.806121434989688	29.708676684331515	29.795240353835794	29.815267683731655
29.937691860423286	29.805742930636082	29.791462733539134	29.824628283981287	29.64917130863476	29.80111857856968	29.816349774159654	29.809916210161262	29.711046791734205	29.798622737539777	29.816760029193908
29.937948541978848	29.809259147070723	29.79491059733128	29.824771613509004	29.651959805418457	29.80198111870309	29.818020522459335	29.81036709438929	29.711295820635698	29.799641596195425	29.817696322705267
29.945461717053938	29.809278619802203	29.795933619440568	29.82516112053118	29.65244443114669	29.802508734369145	29.819990874341784	29.815630803931956	29.712077784144796	29.80294145775757	29.82268293605716
29.948123922317365	29.812527632036133	29.796523094324307	29.828733923679057	29.657150538887592	29.803162092960257	29.821405519207513	29.815658863122817	29.716137145778838	29.803431482690492	29.825503378858468
29.95094228490156	29.814311774178698	29.800318924493354	29.829644803728655	29.657242406590118	29.805832915144816	29.823451715195784	29.8157839452171	29.71616028231945	29.809170579498545	29.827758795122133
29.954812355754424	29.819259231355886	29.80109959130403	29.830393548112728	29.661734914476863	29.806876770159448	29.82649923414708	29.818704801238475	29.71660393863462	29.81036709438929	29.828487470482692
29.95566379335581	29.820220814082933	29.802373551470932	29.831223685549418	29.662362108685514	29.80846218099711	29.82693208815305	29.823040297872847	29.717740799546146	29.81468115005479	29.834289789638245
29.95701201370938	29.821816555599373	29.803032417338336	29.832165830523824	29.66384318456371	29.81000952924193	29.827094255471156	29.823503571170498	29.718387891230783	29.8200337000289	29.837887943874442
29.95702579772767	29.822598035680738	29.81079846838495	29.832214456286437	29.66394984558602	29.814052955819562	29.82740371118573	29.823551263086415	29.7189321742188	29.82228657262575	29.839825718418595
29.96085185009371	29.824387403542897	29.81082310606087	29.832782870510993	29.665100381033877	29.8151804651561	29.827853118208598	29.82433603002705	29.71967746368977	29.822741663335982	29.841533464995027
29.962697055895326	29.82793699140632	29.812816286387335	29.834073802987326	29.666997849147858	29.819259231355886	29.828322961240993	29.827129391097873	29.720033588159627	29.824269178571896	29.842613023489907
29.962795265871943	29.83100850031548	29.813238684457406	29.834457085163265	29.66722622203565	29.821999638236402	29.83001171290047	29.827244937008988	29.720249224758334	29.824930718977836	29.843498115284778
29.962945051083516	29.83269242501211	29.81382003262648	29.835357516218686	29.668790224129623	29.825126453863156	29.83115607520219	29.831614564510456	29.721181643573594	29.82700936917448	29.843523556395212
29.96436441510277	29.83283975774294	29.815247765389547	29.835848422871937	29.670571840176986	29.829279208656658	29.835193365952723	29.83424105444255	29.723727697308735	29.828298437097803	29.844914146702997
29.96791632690117	29.836072386434118	29.821004629855175	29.839220369985185	29.67105741573409	29.831866926870052	29.83910580613967	29.83779169414806	29.723840082173	29.829145154952364	29.845005433932982
29.968648906073177	29.83656642621488	29.821786164841537	29.841765984673	29.67119176355485	29.832070418875603	29.841458089226883	29.839232308281836	29.72401113933791	29.829201917410177	29.84641511841245
29.970675064500192	29.838303389273896	29.82295576140939	29.843523556395212	29.67285541489466	29.832688111163638	29.84544521336658	29.840038409478236	29.72652682766759	29.82973349091504	29.848567168717413
29.970711069107157	29.8401959077382	29.824082746221215	29.843871593683954	29.674197207132167	29.83294189509857	29.849965672713378	29.840277081327255	29.72747133884352	29.83504647076059	29.849693939537666
29.97130284508753	29.84091541319819	29.824499415388463	29.84539019623052	29.674755678468486	29.83342563894032	29.851571813227025	29.841607531314985	29.72752020600361	29.835545731675083	29.852911383248404
29.971328543566422	29.841363024558493	29.826867576027226	29.846192514776728	29.675123574695938	29.83508315184849	29.853003742906996	29.842395033567374	29.72860815832287	29.838812132571096	29.852923235155437
29.974023494343243	29.844957696899204	29.828156416226218	29.846249400158026	29.675496298664477	29.8355313958009	29.854057430665407	29.843239000133508	29.72972952468623	29.84011654341942	29.85325191234591
29.97811101676355	29.84997331743189	29.830157214461774	29.84714993827823	29.67689867294218	29.841842887930643	29.857042835472235	29.843439302913115	29.73031063620416	29.8401959077382	29.85628870708747
29.981562768606036	29.85014805324122	29.831430439078105	29.848712417165622	29.67890388946928	29.843523556395212	29.857311407447998	29.84409055527633	29.735085325798856	29.846370513167972	29.85898356206156
29.981981799432425	29.850716995214892	29.834233765057977	29.850216272379065	29.680582978508752	29.845233836462604	29.858853381239754	29.845086838521752	29.736451468420174	29.84774274845532	29.860660258836116
29.98277216839989	29.852737721824056	29.83450433899818	29.85118694866573	29.68150379081988	29.848125345947945	29.85917470826032	29.84552834241347	29.736821402993723	29.84792675848704	29.865001999861768
29.983527544735765	29.856463433581652	29.836256238320345	29.85203614979895	29.68289372348088	29.850786103120384	29.86178746614692	29.847398953212345	29.73758035597734	29.848289444800994	29.865832671572704
29.983746345439904	29.85908381400862	29.838728031165996	29.852549073915693	29.68373507840582	29.854267756008444	29.86179276633652	29.84850801411644	29.73947020930314	29.850004297990644	29.86661386431551
29.984056309470212	29.864154965643806	29.840483492138404	29.856028789113367	29.683836799725025	29.85953701771364	29.862380901764872	29.8495581483166	29.73965325071019	29.850611871115593	29.86671557585787
29.98485470339434	29.865039618528783	29.84068223282362	29.857026362345174	29.68433927958933	29.860542792856158	29.86453113158081	29.851202175185964	29.743839195783714	29.852897668227524	29.868087938100814
29.98571445999869	29.865081811166437	29.840949707124583	29.85986163239344	29.68444755954324	29.860616505175365	29.865432216671294	29.85397359019363	29.744139711413013	29.85469880951022	29.870100891249393
29.990144427403077	29.865322606913942	29.84192270484727	29.860364681548127	29.68591597979238	29.862836953985678	29.865891164398867	29.85398986730258	29.74507422300174	29.855044299437353	29.872029902873148
29.99018770417452	29.865348444151774	29.844211225455247	29.860824803399353	29.689141325849352	29.863177364111156	29.866777969595823	29.855833197817894	29.749927084763407	29.856825697264206	29.87278584732462
29.991082637151088	29.86708669546667	29.84455158427836	29.86539662591026	29.69082133749464	29.865828774846467	29.867697693277066	29.856301115509773	29.750861091718868	29.85755236253102	29.872807274519538
29.99134299325534	29.870989546639173	29.846227772328106	29.8658360967131	29.691658298075033	29.866172539166122	29.867800746445397	29.86179276633652	29.753287220575274	29.860313319438447	29.87504370525435
29.996706379721015	29.871335182048846	29.84731547345083	29.865844395956398	29.694960866508353	29.867415922909437	29.868531488967008	29.86332583827723	29.754051662683928	29.86170898788122	29.87554396380774
30.002920324716744	29.87437384200757	29.847947509420067	29.86636455647241	29.695565747149857	29.86839520207495	29.869489700421138	29.86549318384463	29.756094385818443	29.8620292779579	29.876216297919648
30.004405210183393	29.8748037108177	29.848476223514215	29.866880759898407	29.695842169643893	29.869539327743766	29.870643007115742	29.865795871925428	29.758958431610203	29.86349089547844	29.876346369213362
30.005051198824876	29.879388500764477	29.849032759870312	29.866908813252582	29.696185328565612	29.871591674794793	29.871212400739953	29.865970126692257	29.75954632821887	29.86479854035002	29.877174626853524
30.005834497789778	29.880988219669458	29.85169262147288	29.869158207488066	29.69716065682065	29.871832272352627	29.871641294889454	29.866197487678978	29.759857257211788	29.866494704853665	29.877481118651097
30.00631390270911	29.881849824863064	29.8554490531864	29.873348453322173	29.69763347772701	29.87284129558977	29.87321575268525	29.866754948709023	29.760108304210558	29.86677769175291	29.87827327789455
30.00663913135311	29.88189524840868	29.858205551545154	29.873560635955172	29.699757871098196	29.873422322186087	29.874908631559087	29.867960027203214	29.76017791488781	29.86771941117025	29.87935071926221
30.00725215464018	29.88193688276427	29.862273726650354	29.873950165685052	29.70471975247352	29.878350217797983	29.87720348604508	29.869295144704846	29.76100008168688	29.86837976631514	29.88019561574501
30.007565452862558	29.88222567543925	29.86466069443752	29.878997515820167	29.70568161939719	29.881427693557562	29.877702131845627	29.870563841058637	29.76122394303069	29.86910904446637	29.881768303640477
30.009308138804904	29.88278048126667	29.867555558569236	29.879146680317106	29.70592137768488	29.881777440869946	29.878147278270323	29.871571092991054	29.76128551514603	29.86961049228655	29.883597724003344
30.009380128373543	29.88310907088232	29.86832960004164	29.88073539842595	29.706944639423774	29.882813468175343	29.880340007034313	29.872572421619996	29.763422674850183	29.8723914317633	29.885167406300447
30.016083950010884	29.884422945036132	29.869980062182147	29.881635160571903	29.70727239093268	29.883716220369543	29.881314843776284	29.87324616974915	29.76594456979544	29.878505340068642	29.885245409428748
30.016764421924044	29.88497912017608	29.870215928485482	29.884718457425812	29.70921991513373	29.886491115515195	29.882504633381146	29.873664864613236	29.766040808646533	29.879311640288645	29.88647477591016
30.017499133762065	29.886067903138535	29.8743145303703	29.884953902434308	29.71027491298003	29.886685215309747	29.882888780532376	29.875852127830196	29.7662317068467	29.88000970930883	29.887839397023495
30.017875240731858	29.88676237892455	29.878640154620566	29.88651448189024	29.71143677054836	29.887001148211393	29.883011849190986	29.877654386167347	29.76762746924279	29.880891021768697	29.888442383902344
30.022696563313158	29.889277672095456	29.878679909668016	29.888748607464635	29.712602396478125	29.88745652932081	29.883117612668606	29.879158944527447	29.76764664065719	29.88326321254674	29.8888260865606
30.023650931403637	29.89039751948541	29.8801136431597	29.890675746527155	29.71478254908437	29.888476107606845	29.883296418973288	29.88028550220399	29.768299343992915	29.884280941300606	29.89717624482863
30.02440979105436	29.890841386814042	29.884113680809797	29.895820781759333	29.715166411040183	29.889973938194792	29.88652254299063	29.880423577515494	29.773058183000366	29.88483072518028	29.897629344748538
30.025478647998774	29.89150140913624	29.888178342278724	29.895837430243176	29.716065150333648	29.892238223733546	29.886719721712932	29.880891021768697	29.773229334102112	29.885783742433865	29.90038194923452
30.026831292571657	29.892580141255706	29.893374414748248	29.89731612884329	29.716725565485387	29.89287963224011	29.88676040048783	29.882431163796408	29.775847763439398	29.88603539749524	29.90055671930613
30.030188513690057	29.8943883707201	29.894567682175577	29.897978647653442	29.717547146608798	29.89335270720989	29.888553488880223	29.882880591815635	29.776707197988692	29.8911098675949	29.90068452520685
30.03412644845088	29.895059063374156	29.895222940323926	29.897987009356754	29.71827743533187	29.894929276049304	29.8885949731914	29.88516983224325	29.77725106272364	29.892299751508734	29.900771613937312
30.037687789392486	29.89681683999429	29.89529935444118	29.89807314310415	29.718745585816965	29.896197722566058	29.89430738712867	29.888550712111908	29.779035760401136	29.895676864123544	29.900817735719578
30.03991416232266	29.898576852310388	29.897311542880562	29.89910094744935	29.718973103249365	29.898880065670557	29.895073545247527	29.889269485480543	29.779748191431207	29.89638717352276	29.90084008501611
30.040174221205145	29.899304970301877	29.897624925267724	29.90158217316541	29.719322520767804	29.899947205281215	29.89728943988505	29.889928002207306	29.780388398061437	29.898329829053232	29.90211429439306
30.041799392242588	29.902004271305874	29.89853597903111	29.901673569485553	29.72084485520671	29.90004515678002	29.898114177600075	29.8923001431337	29.78141546167967	29.899970078653016	29.902944239598725
30.050637649445655	29.905186648611583	29.899304970301877	29.90188962036921	29.722779062504852	29.900835593195755	29.901626180959926	29.892731281034834	29.782216573235985	29.900869228584725	29.90308339865646
30.05067064238904	29.905259189293513	29.90015851188035	29.904585123428692	29.72282679821109	29.902040124756315	29.902034088016443	29.89364451692628	29.78228226881233	29.9014411784916	29.903772361870477
30.05124777348573	29.907787417649764	29.90101344421188	29.905098203434463	29.72526407595342	29.903374043453404	29.903634734771646	29.895099324583462	29.78455916140547	29.904941538854736	29.905259189293513
30.051318008091343	29.908696564402454	29.902357511018327	29.905259189293513	29.725802092204713	29.904447645159806	29.90452839489699	29.89807314310415	29.784831780088503	29.909735981816883	29.906889506583013
30.051454366916452	29.909526327904295	29.903271205600902	29.906638374030234	29.726788781267476	29.90559432936455	29.905259189293513	29.898089094401655	29.784946826294735	29.909809886014976	29.907335512977447
30.051975191556142	29.91038217989986	29.903310731723312	29.906847204106906	29.727464494154646	29.906768360254304	29.905806838670713	29.898396367745896	29.788109258925484	29.912131201919408	29.9093466945769
30.052434334498972	29.911687490681008	29.903965967415658	29.906975106356462	29.727480463996045	29.906901764150234	29.90587906724712	29.899207030232912	29.789418375332573	29.913530076584003	29.911981377083038
30.053492976133192	29.91213120191941	29.90464340222503	29.90699360880522	29.72884332876376	29.907074772182213	29.906493758722945	29.899304970301877	29.79025310563037	29.91420894885553	29.91212089637618
30.055095234392176	29.913649795971885	29.90638159002131	29.907123006656548	29.729331050516386	29.90858424104457	29.906635127317426	29.899535750164976	29.790760784365105	29.91467299839665	29.91411006812649
30.056576955803024	29.914274287718175	29.906957122010635	29.911227081029505	29.731641370348946	29.909370373282755	29.90678992670354	29.899900052819454	29.793219551909537	29.915038466273796	29.915888244241536
30.057398249573176	29.91750020624653	29.907052378948826	29.911289020544793	29.732077772501928	29.9115253449328	29.90744071804865	29.902347599501358	29.794872024243297	29.915091936970658	29.91752675100343
30.062522596738916	29.917532928862066	29.90769986088832	29.914005058897885	29.733639044036824	29.91443304689593	29.909111785357467	29.903831889045197	29.795843525011147	29.915670981068445	29.918668712854416
30.063929586324655	29.918795026598406	29.910160402331872	29.91414879352113	29.73370125492677	29.916831169641455	29.910863359988483	29.90394958599898	29.799706935924284	29.916606547784546	29.91932114275775
30.06540861962302	29.91932114275775	29.910792433670387	29.914421318240777	29.73544130225128	29.917778631633247	29.911539572830293	29.904118389318647	29.80071154861551	29.91770929780876	29.91939674452231
30.06604173810754	29.920635686217057	29.911251513221252	29.915029921297062	29.735611466507574	29.918074683527934	29.912561169643165	29.907059356658436	29.800773329766052	29.921526294797147	29.919796943617477
30.06887025004508	29.921125576640883	29.912797907032058	29.91709352099402	29.73592014144575	29.918657382248924	29.91416533502772	29.907550441368002	29.801931621746114	29.92204427255573	29.920304857036395
30.070658802627165	29.922607535435155	29.912827799137887	29.91801088470538	29.73611492475638	29.91940385669253	29.914918873478275	29.907600797160786	29.802571271343005	29.922072004360707	29.920833543327845
30.075126416280952	29.924800050053193	29.91374430705973	29.919219515115053	29.73679959368952	29.923223319788132	29.91522415706678	29.90918675686615	29.805453553582694	29.923444970634776	29.921556151782827
30.078212646599873	29.92740322716508	29.919556159725506	29.919320422699634	29.738094427083126	29.923387645992232	29.916421567171312	29.911227081029505	29.805777092599513	29.92504881501067	29.922369513835612
30.078414557242446	29.927614502670163	29.929864354648938	29.921619465608874	29.73831135440706	29.92863035272044	29.918465327869242	29.912715963395897	29.80692958081638	29.92570006848997	29.925441900876088
30.07962605844743	29.930441429150164	29.92990487739939	29.925651213956773	29.738855566776998	29.92890987720091	29.92248230040294	29.91391914647338	29.807524688457782	29.927767261491233	29.92714085976887
30.08010055803753	29.93094984815169	29.931331222804346	29.92598812992303	29.73965325071019	29.932833963032937	29.922904235264987	29.914145175717042	29.808575566184896	29.928393129853823	29.92873341780438
30.08482271907466	29.933265941009363	29.93268698134614	29.926255451500467	29.73968861347447	29.935818294941434	29.924257593004267	29.91487548545101	29.80933059245098	29.92859768771893	29.929207157979477
30.08509347327227	29.93753210031106	29.93273134908589	29.92668711245669	29.740221029146944	29.93690854493273	29.92458320375115	29.916429844482046	29.809428948912757	29.928712690129032	29.929555716912454
30.085891277211633	29.937742494780395	29.93284676610945	29.92728542245283	29.74136767219968	29.93753374140684	29.928750772873464	29.919444908940843	29.81088348398077	29.928750772873464	29.93063861114026
30.086699966330503	29.939380216939014	29.93402841606375	29.927883818750118	29.741431589360875	29.937589274860663	29.93150394078764	29.919711969402446	29.811180553788564	29.93019432274065	29.931099677488866
30.086832275230087	29.93972366971379	29.93756010661166	29.928320889497314	29.741549682761633	29.93959961647773	29.931832295417617	29.920343830549825	29.81205830195472	29.930601605794017	29.93429738355425
30.088715263463758	29.940235845097085	29.940728582983724	29.92838825888322	29.745655731739568	29.939737188516823	29.931832295417614	29.922378714616244	29.813111305230677	29.930913735517237	29.936360948000196
30.09016598258308	29.944143522292002	29.943045651138874	29.929280299573993	29.746284861202387	29.94209090543089	29.93194094679595	29.925753114097333	29.813430860637723	29.93106790277163	29.937059470247657
30.09052266095251	29.944802003967187	29.943938939933513	29.9333809359225	29.746944885291676	29.942425016352978	29.932159075314182	29.926196022492395	29.81596820949477	29.933079149734382	29.937742538651243
30.09116351402507	29.94613231310953	29.945093290291865	29.933616090876534	29.746956571052625	29.945439367769012	29.933269130728135	29.926598946456203	29.81624336963576	29.934499064000345	29.939025616050994
30.092960648111852	29.946553746481374	29.945564502027484	29.933766177284074	29.74711317519519	29.945697614328026	29.93436413781418	29.92892904125117	29.817176166514987	29.934519083375974	29.93903657512668
30.09345041123729	29.94698359807218	29.947070952073975	29.935749495759424	29.747956840740343	29.948335690199862	29.93566761493743	29.929156699774374	29.819259231355886	29.935115381527545	29.93979612814948
30.093474215886822	29.947109873627756	29.947801013693393	29.93690854493273	29.74826890754397	29.94874478923102	29.93683949723701	29.93019432274065	29.81973484002076	29.937101117508977	29.94165327482008
30.09418237274069	29.947506745704224	29.949250107195873	29.938269438840706	29.748590803986524	29.949090540589157	29.936839497237024	29.93060160579403	29.82128147634803	29.93865490147418	29.941878218650725
30.094267827970032	29.948804445969373	29.953688644997126	29.938400679494745	29.751302503779222	29.95170381868333	29.938253700041436	29.93158584311788	29.821433162914623	29.940452198721694	29.942749210170504
30.094500119815716	29.949651072218998	29.954263650608816	29.939396196921763	29.753176422662452	29.953378149183298	29.938679693447874	29.932206696804975	29.823351890403906	29.94133528782848	29.943898944856503
30.097692744501053	29.949861171421656	29.957323711834942	29.94006580274385	29.755392282595587	29.957447720650823	29.94031693546974	29.9329065247115	29.823618231631272	29.941922541745747	29.945706136913373
30.098216371487997	29.950873470335107	29.957791355888354	29.942009429217393	29.755666128236655	29.957595303020735	29.94290011928759	29.933461978432554	29.8238717820849	29.94197800105786	29.946432676399912
30.099791988807713	29.95633941629467	29.958520937082493	29.94221877694823	29.756182351773354	29.959289269114173	29.94296622131861	29.935933986558318	29.824290297720957	29.94257088795576	29.948237408149286
30.101370928855225	29.956692893960692	29.95917532256246	29.94293796783182	29.756265021570176	29.96051337023791	29.94465020326014	29.93628602547167	29.825720252324814	29.94276749268878	29.948257037118825
30.105549416474283	29.95673740181414	29.960392872621693	29.943159723868014		29.96090602809209	29.94524384423091	29.938269438840713	29.825882471694594	29.943307369821177	29.948292693030417
30.10569114686239	29.957508825160268	29.960881888290306	29.94352606803581		29.96307410534938	29.945893353776043	29.93850813502655	29.826825237762627	29.94722353689406	29.948497332288817
30.10641538023133	29.958549886469637	29.9609462896697	29.943722686798257		29.96317106731613	29.946066030326342	29.93904510076947	29.826998447961863	29.94819788088962	29.949119193908672
30.106654947343245	29.959497235976613	29.961508350779763	29.944607390454728		29.965941676739405	29.947099368624798	29.93945265122312	29.827024923511168	29.94894658944844	29.950315368536003
30.108870285652294	29.960306138809045	29.96275753447795	29.94524384423091		29.9664667151705	29.947792734281148	29.94048797374351	29.82760671886348	29.9492173888504	29.95082622066479
30.11002546740896	29.960492454949893	29.962960229043254	29.946991722428226		29.966485277236394	29.94947465529803	29.940719854383996	29.828014652785818	29.95183539989369	29.952098454744377
30.112133120472865	29.960709071602388	29.969110047691117	29.949569952998374		29.966813400268084	29.949711394629666	29.944411872002	29.828164184285647	29.952075506848853	29.953487294796947
30.114486827447355	29.961625481241327	29.96925613320593	29.950752052098576		29.96902286785885	29.949979190658397	29.9455410663833	29.829279208656658	29.952451157214888	29.95433023948977
30.115862422771983	29.96275753447795	29.97064504519281	29.953910420312315		29.96908894320052	29.950566333810094	29.94699268263553	29.82984939516714	29.953863118074832	29.956387224166345
30.116473707262774	29.963680154902715	29.97113944675033	29.95947797369237		29.97022592153147	29.95077179510006	29.948882152746837	29.830084858776498	29.953975057615565	29.95643302181957
30.120225386468274	29.964666511868323	29.972073277239303	29.95950943452497		29.97267465359807	29.95091323816665	29.951070547919006	29.830337690105377	29.95545288206287	29.956555761926104
30.12204092983489	29.96555603585906	29.972469862304763	29.959810502446437		29.97365281935376	29.952858992671754	29.95190585195069	29.83108157315079	29.956472769536894	29.959809708306658
30.122158506783386	29.96615056345317	29.972893250564546	29.963571961157747		29.975455114745767	29.953136726503242	29.952141182531946	29.831413238686878	29.95656181420766	29.960558994818225
30.122626714507117	29.966573289608725	29.974502144039864	29.963774094774166		29.97721431618231	29.953473641827866	29.95328610954214	29.831491208842095	29.95662123328815	29.960974765830397
30.12281915847124	29.968638552487253	29.975072863747478	29.963825950626102		29.97727688614104	29.958386735334678	29.954748417213803	29.8316162512672	29.959689042264227	29.961035861156063
30.12593944803928	29.96908033987567	29.976934639846732	29.96432929729069		29.977463401255296	29.961668117119775	29.956302406398617	29.83261771784138	29.96002271034943	29.961731098502295
30.126990954601766	29.96924748624923	29.97768388336102	29.964743187311154		29.977530310787408	29.96231688496757	29.956387224166356	29.83362654260316	29.96091138509069	29.962181139814934
30.129876338626026	29.96927532489311	29.977724464303954	29.965899206381522		29.97850998527806	29.9625160817994	29.957992889279396	29.833828720763698	29.961467036431557	29.962505004536055
30.136820035933333	29.969725609384543	29.980129325822606	29.968622566864497		29.978660831719232	29.962881318756978	29.959314274972893	29.834171923788027	29.961804256582315	29.963345806195612
30.13740525619576	29.970452632782553	29.980822155720404	29.969030618496937		29.980693656214413	29.963637468075444	29.961319039097294	29.83476613194052	29.962188445368035	29.963496893571744
30.137889171426423	29.971256611998353	29.98126600792943	29.972720350508656		29.981462635668432	29.964072550877468	29.962658777336188	29.83500393574307	29.96262393140581	29.964633392120092
30.141243845396367	29.971838675324502	29.981747899026068	29.972891122482494		29.981524285664225	29.964771202762083	29.962744593807106	29.83554573167509	29.963774094774173	29.965044060576
30.141628494626655	29.972864405152237	29.982998032784664	29.972958376747624		29.983037502286805	29.964932516669784	29.962983501467548	29.837311250401203	29.963825950626102	29.965795125565812
30.14290697057732	29.97320545291021	29.983360768633048	29.973600327535294		29.98341644591085	29.967577240278466	29.96317607386501	29.8374667945119	29.964110874419006	29.969198509785638
30.14446944041098	29.97356911506326	29.98336076863305	29.97468970159041		29.985087981583288	29.96786715885611	29.963213548181063	29.838337062176986	29.967408671729377	29.96998766490247
30.144704574877483	29.97525211646299	29.984261275972244	29.9747152214315		29.986681451764746	29.96809145757203	29.96327495475404	29.838635362267805	29.969749768212576	29.97022592153147
30.145523697598797	29.975751123784168	29.98460097026238	29.9757691329577		29.987451648704138	29.96841404442228	29.96435730885735	29.838888995803714	29.970725728149386	29.97075478274109
30.147511583349058	29.979157908837536	29.985322088931497	29.976565878578338		29.988005899397248	29.96885663776012	29.96504984113102	29.841707086465377	29.972439893124683	29.972551869486455
30.148687493996725	29.98012092187651	29.985575111677885	29.977487060138987		29.990319201136472	29.96924748624923	29.9656846723921	29.84192647370324	29.972581947326255	29.973782573654844
30.149498574444753	29.980218362824548	29.98614211768639	29.977596332604932		29.99037776319928	29.96969515915499	29.966195114030953	29.84207093626315	29.97314941165239	29.97524126628734
30.14954113126672	29.983924328976613	29.987209579352946	29.979555580239104		29.991110442622237	29.97048382061914	29.966482188383015	29.84207191314227	29.973847722257105	29.975465182542703
30.15177509043004	29.984718289290594	29.987217138575893	29.980356848528277		29.991775975571926	29.97367246504182	29.966871737076094	29.843241870819732	29.97414254060272	29.97589994089588
30.15210041706839	29.99187191343924	29.992597408949162	29.981042324823633		29.992151836410322	29.974995760263923	29.967501134045825	29.843445646887332	29.975522256568734	29.97722802313151
30.152247652439215	29.99211902137052	29.99296425052353	29.981464645569268		29.992531990471843	29.975574039324208	29.96786715885611	29.84548158759446	29.975601748236773	29.979991228184854
30.152869466476748	29.99247935817548	29.99333161476333	29.983187814402395		29.992875573312766	29.97676204394153	29.970048818676545	29.845677612922508	29.976271039526406	29.98147122711336
30.153684801536173	29.993370229506297	29.995947454013493	29.983573454362954		29.992909324213432	29.977240097947426	29.970839881243165	29.84629191950573	29.9771583697084	29.982386662334136
30.155332329923834	29.99362997684023	29.996021189378364	29.98476016708242		29.99310967489147	29.978405655852708	29.97305004539568	29.84663528024575	29.97872253100386	29.98265272918321
30.156891135907543	29.994022640550114	29.996559269539375	29.984931252478795		29.99332684991507	29.97893366539619	29.976423853088274	29.846714375866206	29.979493374852716	29.982902659357464
30.15723974136892	29.994188629036394	29.998140416216213	29.98499118808359		29.993818780453516	29.979022169800007	29.978245094469354	29.846938451881766	29.979947064843127	29.98401320615226
30.15890981717081	29.994809504321733	29.99814410604403	29.985447635134655		29.99409332093383	29.980759335966106	29.979584765544747	29.847503880495882	29.98047343613733	29.984125296644514
30.15953162770806	29.995101588878804	29.99835216197213	29.985631487520784		29.995530532869225	29.982947952920867	29.980195056562597	29.8479429339294	29.981494242455387	29.985547970489353
30.16086651774865	29.996776096213196	29.998601880435338	29.986982074474298		29.996304324881084	29.984778582877812	29.98080531772414	29.848611089522443	29.98265979045919	29.98564745886908
30.16114104565053	29.996898517899353	29.99905012283245	29.98698882485349		29.997131816236866	29.985242822558025	29.98197217150313	29.849295868021535	29.983611726296633	29.986168259113768
30.161499512841743	29.99806499085205	30.000061460577083	29.987081981855233		29.997252685423806	29.985628414291234	29.983355316948106	29.849693939537666	29.987373706451173	29.98853563148864
30.161904658684556	29.998669978539873	30.000145371558993	29.987283190887663		29.99748439039817	29.98625069328009	29.983826183987595	29.851374193974927	29.98870916794236	29.98948830339142
30.162919323127948	29.99891858468711	30.001206079069725	29.988056642608345		29.997533540293492	29.987599216468432	29.98423451340843	29.852159900863672	29.989587601898915	29.989495926836558
30.16464565614244	29.999315161888756	30.00392400795861	29.98832040059255		29.997975024039796	29.98811511672607	29.984481976311383	29.852529606631677	29.989818004762707	29.99077666729596
30.167051028379113	30.000246594520718	30.004436191715556	29.988446185407074		29.998669978539873	29.988361464757254	29.984789546508473	29.85400882975275	29.989977615262163	29.992145604160978
30.167851148044726	30.000728930574702	30.006698591316532	29.991664537474858		29.999130141471554	29.98836244285425	29.98486548652368	29.85451686173674	29.991116009834403	29.99279918962035
30.169619789297307	30.001145737692013	30.007833002066803	29.991850139484235		29.99987678856692	29.989495703309125	29.985660439349566	29.85460699883641	29.991848740124418	29.992907851322983
30.170485490578095	30.00229990695174	30.008670542091444	29.991902066722652		30.00009830777782	29.991645757238715	29.98800272097042	29.854925216532777	29.992388275456435	29.99302703490843
30.17274459648101	30.002844000336577	30.011835659684724	29.992077407476774		30.00062170700521	29.994169216339678	29.989456947230693	29.855226540669694	29.99318194585866	29.993703821532712
30.17284861374301	30.003123713902355	30.0131121422064	29.992968634926285		30.00062950168433	29.994223863793383	29.990038469878563	29.855316342778632	29.993201736201087	29.995324251097408
30.17419286435539	30.003179759773555	30.014040568848397	29.99302703490843		30.001310010201458	29.99446625275079	29.99134354834255	29.856017054164248	29.99426457651995	30.000031294367876
30.17673421874602	30.00349500059503	30.014889747464252	29.995174969593805		30.001975510333434	29.994997454469214	29.991758391946565	29.857392442698213	29.99559936178803	30.000772803850946
30.178127990294897	30.003869229407588	30.017710453182247	29.995282996190518		30.00211245985909	29.99552057446889	29.992681202752916	29.85871171173254	29.997649053773234	30.002386763566737
30.178850975018864	30.004388046467746	30.018241322844776	29.995399359069722		30.002510479349983	29.995530532869225	29.99276820611186	29.859194024294876	29.99776851728397	30.00279294007601
30.17906791132321	30.004598093582807	30.01920469371774	29.99733499098716		30.004308891777654	29.995567450900808	29.993406707127885	29.859554618310113	29.999222470919314	30.004787316840158
30.180291288945806	30.005138286959088	30.020661575796577	29.99744843062387		30.004928335868588	29.996255173230956	29.994559296072396	29.86041852103336	30.005589621427077	30.005462944110178
30.183003977623517	30.005834497789778	30.02095958323057	29.997801772419628		30.007264259189817	29.997713481695726	29.99550052991237	29.86055681008985	30.00743764171107	30.005549059071683
30.18399532396342	30.005834497789778	30.0214462829781	29.998923738525217		30.00825033746259	29.99794677398117	29.99562400467349	29.86081819065796	30.007916919951263	30.00567776820409
30.184232509780287	30.007764239803322	30.02185678801256	29.999359780881164		30.01002839120814	30.00029881007353	29.996776096213196	29.8617071258808	30.008570849466256	30.006318706660807
30.1859487001527	30.00859650859582	30.02305330462449	30.00053317527644		30.01086207870863	30.001113155501898	29.99808135197837	29.8626249023388	30.008967646167314	30.008783540661145
30.186539772405894	30.009917443661454	30.023143128801216	30.000658395483022		30.01206903301732	30.001218564121913	29.99937032508934	29.862798708461135	30.00918426661595	30.008997834930227
30.18719062852653	30.01168010724712	30.023181538405964	30.00125672840792		30.012071678396598	30.00240113335	29.99976044124321	29.863744630866172	30.009539935979138	30.00945138195047
30.187345771971945	30.012644494581604	30.0249859341962	30.003054776887744		30.012389885661136	30.00321880377394	30.000342523669527	29.865524630829693	30.01064057032915	30.00965780798999
30.188664365429105	30.013377654749743	30.02773306330662	30.004308891777654		30.0130098549499	30.003270108822917	30.000401854319094	29.867129440205044	30.011070599219842	30.009665478192193
30.1894126511182	30.01369419549646	30.028730368794378	30.007862037769105		30.013354073189937	30.004308891777654	30.00229949980087	29.867981048756942	30.011681752504476	30.009699576292398
30.18957371145067	30.014233177145083	30.02953978042803	30.007909125197333		30.01336808448132	30.004394187612853	30.00285179633806	29.868423779125685	30.01237061118289	30.009944049979826
30.190683564065807	30.01547241879055	30.029911583746074	30.007912696497343		30.01393745587283	30.004813624268948	30.00286528029672	29.86952186435532	30.012790648354514	30.01071154841003
30.191651140001717	30.01618352412472	30.03100013820905	30.008601626837216		30.016244728844885	30.00539032787757	30.00401752249078	29.87007494434049	30.01476625917745	30.0107772331999
30.192554656327523	30.016601129219247	30.031368781290258	30.01009532947202		30.01635649740529	30.005791227096523	30.004308891777654		30.015051047372857	30.0115188530129
30.195107605731224	30.016635557890087	30.03213638230679	30.01089470234445		30.016652555432973	30.006000507852242	30.005948400844524		30.015606677858298	30.012389885661143
30.195367419026987	30.017254549108493	30.03214834866045	30.01090900072362		30.017685321686596	30.006295012430147	30.007011163390942		30.01795588412669	30.014389550002047
30.195978266778955	30.017289586435428	30.034658378045947			30.018241322844776	30.00699121387632	30.008019527296263		30.01835554619481	30.014390038503013
30.19702274432254	30.017673125958677	30.0347994025015			30.018444075726492	30.008329408325764	30.00860339784022		30.021548061648026	30.01551184962397
30.197108805566877	30.01829239974629	30.03624035308168			30.02047563710445	30.009181220991795	30.008988490073204		30.022965556933542	30.01599785758342
30.197781554046962	30.01914819551694	30.03645641034298			30.021029101724242	30.011224753289248	30.009306902622434		30.027671691187734	30.016465471510376
30.19802822199557	30.01954066922692	30.037811757405795			30.021342657041593	30.01137204923356	30.009808293167357		30.029790718901296	30.020137422035255
30.199789701693543	30.02181482328692	30.03815642543714			30.021359154815336	30.01203762527481	30.010961265721413		30.031702225308255	30.021757075869886
30.19998273783725	30.025983654683277	30.038630606420767			30.021565204209864	30.012387863702962	30.011948496427895		30.031874116548074	30.022090365118963
30.203086381046283	30.028661081543635	30.039677391993948				30.014092201465115	30.01246856748035		30.032824835487805	30.022283084263353
30.203569519632246	30.028678697009205	30.03996753327761				30.015498148796745	30.0126695035021		30.034404088014536	30.02328754868858
30.20451712353872	30.029465990418007	30.04027099982804				30.01636487481718			30.034644735852268	30.023508881619666
30.206659969590667	30.029847994006943	30.040343480505665				30.016775333597664			30.03477264136776	30.02397498527082
30.207275029590928	30.030460109317403					30.020490990064204			30.036058938146102	
30.207831496400562	30.03107939565051					30.020745546555734			30.03606245245893	
30.209052410689075	30.03178432917565					30.021092498148274			30.036182329855958	
30.210267759895455	30.03255423403435					30.022543304153444			30.036568394151452	
30.211737573662226	30.033042101519996								30.038381089348988	
30.212693022776257									30.041017008405028	
30.21445325541517									30.041867588405026	
30.21519703870588										
30.21596042855926										
